code,volume,page,link text,original URL,final URL,status,kind
1-1,1,8,Individual Differences in Reasoning: Implications for the Rationality Debate?,http://journals.cambridge.org/abstract_S0140525X00003435,https://www.cambridge.org/core/journals/behavioral-and-brain-sciences/article/abs/individual-differences-in-reasoning-implications-for-the-rationality-debate/2906AEF620B36C10018DD291F790BE97,redirected,url in text (footnote)
1-2,1,11,How We See Ourselves and How We See Others,http://psych.princeton.edu/psychology/research/pronin/pubs/2008%20Self%20and%20Other.pdf,https://web.archive.org/web/20150301093435/http://psych.princeton.edu:80/psychology/research/pronin/pubs/2008%20Self%20and%20Other.pdf,archived,url in text (footnote)
1-3,1,16,http://www.yudkowsky.net,http://www.yudkowsky.net,https://www.yudkowsky.net/,ok,url in text (text)
1-4,1,16,http://lesswrong.com/,http://lesswrong.com/,https://www.lesswrong.com/,ok,url in text (footnote)
1-5,1,16,Rationality: From AI to Zombies,http://wiki.lesswrong.com/wiki/RAZ_Glossary,https://www.lesswrong.com/w/r-a-z-glossary,redirected,url in text (text)
1-6,1,24,Thinking Inside the Boxes,http://www.slate.com/articles/arts/egghead/2002/02/thinkinginside%5C_the%5C_boxes.single.html,https://slate.com/culture/2002/02/robert-nozick-and-newcomb-s-problem.html,redirected,url in text (footnote)
1-7,1,75,http://lesswrong.com/lw/he/knowing_about_biases_can_hurt_people/dza,http://lesswrong.com/lw/he/knowing_about_biases_can_hurt_people/dza,https://www.lesswrong.com/posts/AdYdLP2sRqPMoe8fb/knowing-about-biases-can-hurt-people?commentId=Z9LacBsgsH7cPAnhu,redirected,url in text (footnote)
1-8,1,125,heat conduction,http://web.archive.org/web/20060424082937/http://www.nvon.nl:80/scheik/best/diversen/scijokes/scijokes.txt,https://web.archive.org/web/20060424082937/http://www.nvon.nl:80/scheik/best/diversen/scijokes/scijokes.txt,archived,url in text (footnote)
1-9,1,194,http://www.slate.com/articles/arts/egghead/2002/02/thinkinginside%5C_the%5C_boxes.single.html,http://www.slate.com/articles/arts/egghead/2002/02/thinkinginside%5C_the%5C_boxes.single.html,https://slate.com/culture/2002/02/robert-nozick-and-newcomb-s-problem.html,redirected,url in text (bibliography)
1-10,1,196,http://psych.princeton.edu/psychology/research/pronin/pubs/2008%20Self%20and%20Other.pdf,http://psych.princeton.edu/psychology/research/pronin/pubs/2008%20Self%20and%20Other.pdf,https://web.archive.org/web/20150301093435/http://psych.princeton.edu:80/psychology/research/pronin/pubs/2008%20Self%20and%20Other.pdf,archived,url in text (bibliography)
1-11,1,196,http://journals.cambridge.org/abstract_S0140525X00003435,http://journals.cambridge.org/abstract_S0140525X00003435,https://www.cambridge.org/core/journals/behavioral-and-brain-sciences/article/abs/individual-differences-in-reasoning-implications-for-the-rationality-debate/2906AEF620B36C10018DD291F790BE97,redirected,url in text (bibliography)
1-12,1,197,http://web.archive.org/web/20060424082937/http://www.nvon.nl/scheik/best/diversen/scijokes/scijokes.txt,http://web.archive.org/web/20060424082937/http://www.nvon.nl/scheik/best/diversen/scijokes/scijokes.txt,https://web.archive.org/web/20060424082937/http://www.nvon.nl/scheik/best/diversen/scijokes/scijokes.txt,archived,url in text (bibliography)
1-c1,1,1,Discussion: Preface,https://www.lesswrong.com/posts/uXn3LyA8eNqpvdoZw/preface,https://www.lesswrong.com/posts/uXn3LyA8eNqpvdoZw/preface,ok,discussion (LessWrong comments)
1-c2,1,5,Discussion: Biases: An Introduction,https://www.lesswrong.com/posts/ptxnyfLWqRZ98wnYi/biases-an-introduction,https://www.lesswrong.com/posts/ptxnyfLWqRZ98wnYi/biases-an-introduction,ok,discussion (LessWrong comments)
1-c3,1,21,"Discussion: What Do We Mean By ""Rationality""?",https://www.lesswrong.com/posts/RcZCwxFiZzE6X7nsv/what-do-we-mean-by-rationality-1,https://www.lesswrong.com/posts/RcZCwxFiZzE6X7nsv/what-do-we-mean-by-rationality-1,ok,discussion (LessWrong comments)
1-c4,1,27,Discussion: Feeling Rational,https://www.lesswrong.com/posts/SqF8cHjJv43mvJJzx/feeling-rational,https://www.lesswrong.com/posts/SqF8cHjJv43mvJJzx/feeling-rational,ok,discussion (LessWrong comments)
1-c5,1,30,Discussion: Why Truth?,https://www.lesswrong.com/posts/YshRbqZHYFoEMqFAu/why-truth,https://www.lesswrong.com/posts/YshRbqZHYFoEMqFAu/why-truth,ok,discussion (LessWrong comments)
1-c6,1,34,Discussion: What's a Bias?,https://www.lesswrong.com/posts/jnZbHi873v9vcpGpZ/what-s-a-bias,https://www.lesswrong.com/posts/jnZbHi873v9vcpGpZ/what-s-a-bias,ok,discussion (LessWrong comments)
1-c7,1,37,Discussion: Availability,https://www.lesswrong.com/posts/R8cpqD3NA4rZxRdQ4/availability,https://www.lesswrong.com/posts/R8cpqD3NA4rZxRdQ4/availability,ok,discussion (LessWrong comments)
1-c8,1,40,Discussion: Burdensome Details,https://www.lesswrong.com/posts/Yq6aA4M3JKWaQepPJ/burdensome-details,https://www.lesswrong.com/posts/Yq6aA4M3JKWaQepPJ/burdensome-details,ok,discussion (LessWrong comments)
1-c9,1,44,Discussion: Planning Fallacy,https://www.lesswrong.com/posts/CPm5LTwHrvBJCa9h5/planning-fallacy,https://www.lesswrong.com/posts/CPm5LTwHrvBJCa9h5/planning-fallacy,ok,discussion (LessWrong comments)
1-c10,1,48,Discussion: Illusion of Transparency:  Why No One Understands You,https://www.lesswrong.com/posts/sSqoEw9eRP2kPKLCz/illusion-of-transparency-why-no-one-understands-you,https://www.lesswrong.com/posts/sSqoEw9eRP2kPKLCz/illusion-of-transparency-why-no-one-understands-you,ok,discussion (LessWrong comments)
1-c11,1,51,Discussion: Expecting Short Inferential Distances,https://www.lesswrong.com/posts/HLqWn5LASfhhArZ7w/expecting-short-inferential-distances,https://www.lesswrong.com/posts/HLqWn5LASfhhArZ7w/expecting-short-inferential-distances,ok,discussion (LessWrong comments)
1-c12,1,54,Discussion: The Lens That Sees Its Flaws,https://www.lesswrong.com/posts/46qnWRSR7L2eyNbMA/the-lens-that-sees-its-flaws,https://www.lesswrong.com/posts/46qnWRSR7L2eyNbMA/the-lens-that-sees-its-flaws,ok,discussion (LessWrong comments)
1-c13,1,59,Discussion: Making Beliefs Pay Rent (in Anticipated Experiences),https://www.lesswrong.com/posts/a7n8GdKiAZRX86T5A/making-beliefs-pay-rent-in-anticipated-experiences,https://www.lesswrong.com/posts/a7n8GdKiAZRX86T5A/making-beliefs-pay-rent-in-anticipated-experiences,ok,discussion (LessWrong comments)
1-c14,1,62,Discussion: A Fable of Science and Politics,https://www.lesswrong.com/posts/6hfGNLf4Hg5DXqJCF/a-fable-of-science-and-politics,https://www.lesswrong.com/posts/6hfGNLf4Hg5DXqJCF/a-fable-of-science-and-politics,ok,discussion (LessWrong comments)
1-c15,1,67,Discussion: Belief in Belief,https://www.lesswrong.com/posts/CqyJzDZWvGhhFJ7dY/belief-in-belief,https://www.lesswrong.com/posts/CqyJzDZWvGhhFJ7dY/belief-in-belief,ok,discussion (LessWrong comments)
1-c16,1,71,Discussion: Bayesian Judo,https://www.lesswrong.com/posts/NKaPFf98Y5otMbsPk/bayesian-judo,https://www.lesswrong.com/posts/NKaPFf98Y5otMbsPk/bayesian-judo,ok,discussion (LessWrong comments)
1-c17,1,73,Discussion: Pretending to be Wise,https://www.lesswrong.com/posts/jeyvzALDbjdjjv5RW/pretending-to-be-wise,https://www.lesswrong.com/posts/jeyvzALDbjdjjv5RW/pretending-to-be-wise,ok,discussion (LessWrong comments)
1-c18,1,77,Discussion: Religion's Claim to be Non-Disprovable,https://www.lesswrong.com/posts/fAuWLS7RKWD2npBFR/religion-s-claim-to-be-non-disprovable,https://www.lesswrong.com/posts/fAuWLS7RKWD2npBFR/religion-s-claim-to-be-non-disprovable,ok,discussion (LessWrong comments)
1-c19,1,81,Discussion: Professing and Cheering,https://www.lesswrong.com/posts/RmCjazjupRGcHSm5N/professing-and-cheering,https://www.lesswrong.com/posts/RmCjazjupRGcHSm5N/professing-and-cheering,ok,discussion (LessWrong comments)
1-c20,1,84,Discussion: Belief as Attire,https://www.lesswrong.com/posts/nYkMLFpx77Rz3uo9c/belief-as-attire,https://www.lesswrong.com/posts/nYkMLFpx77Rz3uo9c/belief-as-attire,ok,discussion (LessWrong comments)
1-c21,1,86,Discussion: Applause Lights,https://www.lesswrong.com/posts/dLbkrPu5STNCBLRjr/applause-lights,https://www.lesswrong.com/posts/dLbkrPu5STNCBLRjr/applause-lights,ok,discussion (LessWrong comments)
1-c22,1,91,Discussion: Focus Your Uncertainty,https://www.lesswrong.com/posts/GJ4ZQm7crTzTM6xDW/focus-your-uncertainty,https://www.lesswrong.com/posts/GJ4ZQm7crTzTM6xDW/focus-your-uncertainty,ok,discussion (LessWrong comments)
1-c23,1,94,Discussion: What is Evidence?,https://www.lesswrong.com/posts/6s3xABaXKPdFwA3FS/what-is-evidence,https://www.lesswrong.com/posts/6s3xABaXKPdFwA3FS/what-is-evidence,ok,discussion (LessWrong comments)
1-c24,1,97,"Discussion: Scientific Evidence, Legal Evidence, Rational Evidence",https://www.lesswrong.com/posts/fhojYBGGiYAFcryHZ/scientific-evidence-legal-evidence-rational-evidence,https://www.lesswrong.com/posts/fhojYBGGiYAFcryHZ/scientific-evidence-legal-evidence-rational-evidence,ok,discussion (LessWrong comments)
1-c25,1,100,Discussion: How Much Evidence Does It Take?,https://www.lesswrong.com/posts/nj8JKFoLSMEmD3RGp/how-much-evidence-does-it-take,https://www.lesswrong.com/posts/nj8JKFoLSMEmD3RGp/how-much-evidence-does-it-take,ok,discussion (LessWrong comments)
1-c26,1,104,Discussion: Einstein's Arrogance,https://www.lesswrong.com/posts/MwQRucYo6BZZwjKE7/einstein-s-arrogance,https://www.lesswrong.com/posts/MwQRucYo6BZZwjKE7/einstein-s-arrogance,ok,discussion (LessWrong comments)
1-c27,1,107,Discussion: Occam's Razor,https://www.lesswrong.com/posts/f4txACqDWithRi7hs/occam-s-razor,https://www.lesswrong.com/posts/f4txACqDWithRi7hs/occam-s-razor,ok,discussion (LessWrong comments)
1-c28,1,111,Discussion: Your Strength as a Rationalist,https://www.lesswrong.com/posts/5JDkW4MYXit2CquLs/your-strength-as-a-rationalist,https://www.lesswrong.com/posts/5JDkW4MYXit2CquLs/your-strength-as-a-rationalist,ok,discussion (LessWrong comments)
1-c29,1,113,Discussion: Absence of Evidence Is Evidence of Absence,https://www.lesswrong.com/posts/mnS2WYLCGJP2kQkRn/absence-of-evidence-is-evidence-of-absence,https://www.lesswrong.com/posts/mnS2WYLCGJP2kQkRn/absence-of-evidence-is-evidence-of-absence,ok,discussion (LessWrong comments)
1-c30,1,116,Discussion: Conservation of Expected Evidence,https://www.lesswrong.com/posts/jiBFC7DcCrZjGmZnJ/conservation-of-expected-evidence,https://www.lesswrong.com/posts/jiBFC7DcCrZjGmZnJ/conservation-of-expected-evidence,ok,discussion (LessWrong comments)
1-c31,1,119,Discussion: Hindsight Devalues Science,https://www.lesswrong.com/posts/WnheMGAka4fL99eae/hindsight-devalues-science,https://www.lesswrong.com/posts/WnheMGAka4fL99eae/hindsight-devalues-science,ok,discussion (LessWrong comments)
1-c32,1,125,Discussion: Fake Explanations,https://www.lesswrong.com/posts/fysgqk4CjAwhBgNYT/fake-explanations,https://www.lesswrong.com/posts/fysgqk4CjAwhBgNYT/fake-explanations,ok,discussion (LessWrong comments)
1-c33,1,127,Discussion: Guessing the Teacher's Password,https://www.lesswrong.com/posts/NMoLJuDJEms7Ku9XS/guessing-the-teacher-s-password,https://www.lesswrong.com/posts/NMoLJuDJEms7Ku9XS/guessing-the-teacher-s-password,ok,discussion (LessWrong comments)
1-c34,1,131,Discussion: Science as Attire,https://www.lesswrong.com/posts/4Bwr6s9dofvqPWakn/science-as-attire,https://www.lesswrong.com/posts/4Bwr6s9dofvqPWakn/science-as-attire,ok,discussion (LessWrong comments)
1-c35,1,133,Discussion: Fake Causality,https://www.lesswrong.com/posts/RgkqLqkg8vLhsYpfh/fake-causality,https://www.lesswrong.com/posts/RgkqLqkg8vLhsYpfh/fake-causality,ok,discussion (LessWrong comments)
1-c36,1,137,Discussion: Semantic Stopsigns,https://www.lesswrong.com/posts/FWMfQKG3RpZx6irjm/semantic-stopsigns,https://www.lesswrong.com/posts/FWMfQKG3RpZx6irjm/semantic-stopsigns,ok,discussion (LessWrong comments)
1-c37,1,140,Discussion: Mysterious Answers to Mysterious Questions,https://www.lesswrong.com/posts/6i3zToomS86oj9bS6/mysterious-answers-to-mysterious-questions,https://www.lesswrong.com/posts/6i3zToomS86oj9bS6/mysterious-answers-to-mysterious-questions,ok,discussion (LessWrong comments)
1-c38,1,144,Discussion: The Futility of Emergence,https://www.lesswrong.com/posts/8QzZKw9WHRxjR4948/the-futility-of-emergence,https://www.lesswrong.com/posts/8QzZKw9WHRxjR4948/the-futility-of-emergence,ok,discussion (LessWrong comments)
1-c39,1,147,"Discussion: Say Not ""Complexity""",https://www.lesswrong.com/posts/kpRSCH7ALLcb6ucWM/say-not-complexity,https://www.lesswrong.com/posts/kpRSCH7ALLcb6ucWM/say-not-complexity,ok,discussion (LessWrong comments)
1-c40,1,150,Discussion: Positive Bias: Look Into the Dark,https://www.lesswrong.com/posts/rmAbiEKQDpDnZzcRf/positive-bias-look-into-the-dark,https://www.lesswrong.com/posts/rmAbiEKQDpDnZzcRf/positive-bias-look-into-the-dark,ok,discussion (LessWrong comments)
1-c41,1,153,Discussion: Lawful Uncertainty,https://www.lesswrong.com/posts/msJA6B9ZjiiZxT6EZ/lawful-uncertainty,https://www.lesswrong.com/posts/msJA6B9ZjiiZxT6EZ/lawful-uncertainty,ok,discussion (LessWrong comments)
1-c42,1,157,Discussion: My Wild and Reckless Youth,https://www.lesswrong.com/posts/DwtYPRuCxpXTrzG9m/my-wild-and-reckless-youth,https://www.lesswrong.com/posts/DwtYPRuCxpXTrzG9m/my-wild-and-reckless-youth,ok,discussion (LessWrong comments)
1-c43,1,160,Discussion: Failing to Learn from History,https://www.lesswrong.com/posts/97Y7Jwrzxyfzz3Ad2/failing-to-learn-from-history,https://www.lesswrong.com/posts/97Y7Jwrzxyfzz3Ad2/failing-to-learn-from-history,ok,discussion (LessWrong comments)
1-c44,1,162,Discussion: Making History Available,https://www.lesswrong.com/posts/TLKPj4GDXetZuPDH5/making-history-available,https://www.lesswrong.com/posts/TLKPj4GDXetZuPDH5/making-history-available,ok,discussion (LessWrong comments)
1-c45,1,165,Discussion: Explain/Worship/Ignore?,https://www.lesswrong.com/posts/yxvi9RitzZDpqn6Yh/explain-worship-ignore,https://www.lesswrong.com/posts/yxvi9RitzZDpqn6Yh/explain-worship-ignore,ok,discussion (LessWrong comments)
1-c46,1,167,"Discussion: ""Science"" as Curiosity-Stopper",https://www.lesswrong.com/posts/L22jhyY9ocXQNLqyE/science-as-curiosity-stopper,https://www.lesswrong.com/posts/L22jhyY9ocXQNLqyE/science-as-curiosity-stopper,ok,discussion (LessWrong comments)
1-c47,1,170,Discussion: Truly Part Of You,https://www.lesswrong.com/posts/fg9fXrHpeaDD6pEPL/truly-part-of-you,https://www.lesswrong.com/posts/fg9fXrHpeaDD6pEPL/truly-part-of-you,ok,discussion (LessWrong comments)
1-c48,1,174,Discussion: The Simple Truth,https://www.lesswrong.com/posts/X3HpE8tMXz4m4w6Rz/the-simple-truth,https://www.lesswrong.com/posts/X3HpE8tMXz4m4w6Rz/the-simple-truth,ok,discussion (LessWrong comments)
2-1,2,1,You Are Never Entitled to Your Opinion,http://www.overcomingbias.com/2006/12/you_are_never_e.html,https://www.overcomingbias.com/p/you_are_never_ehtml,redirected,url in text (footnote)
2-2,2,4,They Saw a Game: A Case Study,http://www2.psych.ubc.ca/~schaller/Psyc590Readings/Hastorf1954.pdf,http://www2.psych.ubc.ca/~schaller/Psyc590Readings/Hastorf1954.pdf,unchecked,url in text (footnote)
2-3,2,5,The Hostile Media Phenomenon: Biased Perception and Perceptions of Media Bias in Coverage of the Beirut Massacre,http://ssc.wisc.edu/~jpiliavi/965/hwang.pdf,https://users.ssc.wisc.edu/~japiliav/965/hwang.pdf,redirected,url in text (footnote)
2-4,2,5,Why Do Humans Reason? Arguments for an Argumentative Theory,https://hal.archives-ouvertes.fr/file/index/docid/904097/filename/MercierSperberWhydohumansreason.pdf,https://hal.archives-ouvertes.fr/file/index/docid/904097/filename/MercierSperberWhydohumansreason.pdf,ok,url in text (footnote)
2-5,2,5,Telling More than We Can Know: Verbal Reports on Mental Processes,http://people.virginia.edu/~tdw/nisbett&wilson.pdf,http://people.virginia.edu/~tdw/nisbett&wilson.pdf,unchecked,url in text (footnote)
2-6,2,7,Why I Am Not Rene Descartes,http://slatestarcodex.com/2014/11/27/why-i-am-not-rene-descartes/,https://slatestarcodex.com/2014/11/27/why-i-am-not-rene-descartes/,ok,url in text (footnote)
2-7,2,9,The Power of Agency,http://lesswrong.com/lw/5i8/the_power_of_agency/,https://www.lesswrong.com/posts/vbcjYg6h3XzuqaaN8/the-power-of-agency,redirected,url in text (footnote)
2-8,2,44,http://www.spaceandgames.com/?p=27,http://www.spaceandgames.com/?p=27,http://www.spaceandgames.com/?p=27,unchecked,url in text (footnote)
2-9,2,63,The Correspondence Bias,http://www.wjh.harvard.edu/~dtg/Gilbert%20&%20Malone%20(CORRESPONDENCE%20BIAS).pdf,http://www.wjh.harvard.edu/~dtg/Gilbert%20&%20Malone%20(CORRESPONDENCE%20BIAS).pdf,unchecked,url in text (footnote)
2-10,2,64,The Attribution of Attitudes,http://www.radford.edu/~jaspelme/443/spring-2007/Articles/Jones_n_Harris_1967.pdf,http://www.radford.edu/~jaspelme/443/spring-2007/Articles/Jones_n_Harris_1967.pdf,unchecked,url in text (footnote)
2-11,2,116,http://fastandfrugal.com/,http://fastandfrugal.com/,http://fastandfrugal.com/,unchecked,url in text (footnote)
2-12,2,130,http://en.wikipedia.org/wiki/Marcus_Einfeld,http://en.wikipedia.org/wiki/Marcus_Einfeld,https://en.wikipedia.org/wiki/Marcus_Einfeld,ok,url in text (footnote)
2-13,2,130,http://news.bbc.co.uk/2/hi/uk_news/magazine/7967982.stm,http://news.bbc.co.uk/2/hi/uk_news/magazine/7967982.stm,http://news.bbc.co.uk/2/hi/uk_news/magazine/7967982.stm,unchecked,url in text (footnote)
2-14,2,153,http://lesswrong.com/lw/r/no_really_ive_deceived_myself/#gk,http://lesswrong.com/lw/r/no_really_ive_deceived_myself/#gk,https://www.lesswrong.com/posts/rZX4WuufAPbN6wQTv/no-really-i-ve-deceived-myself?commentId=9ShudmvmEfYwqyeBt#gk,redirected,url in text (footnote)
2-15,2,155,http://lesswrong.com/lw/r/no_really_ive_deceived_myself/#gk,http://lesswrong.com/lw/r/no_really_ive_deceived_myself/#gk,https://www.lesswrong.com/posts/rZX4WuufAPbN6wQTv/no-really-i-ve-deceived-myself?commentId=9ShudmvmEfYwqyeBt#gk,redirected,url in text (footnote)
2-16,2,155,http://lesswrong.com/lw/1f/moores_paradox/#u3,http://lesswrong.com/lw/1f/moores_paradox/#u3,https://www.lesswrong.com/posts/ERRk4thxxYNcScqR4/moore-s-paradox?commentId=EABbJunpCd2rKZ88A#u3,redirected,url in text (footnote)
2-17,2,165,An Anchoring and Adjustment Model of Purchase Quantity Decisions,http://www.jstor.org/stable/3151931,https://www.jstor.org/stable/3151931,ok,url in text (footnote)
2-18,2,172,http://www.scottaaronson.com/blog/?p=87#comment-2091,http://www.scottaaronson.com/blog/?p=87#comment-2091,http://www.scottaaronson.com/blog/?p=87#comment-2091,unchecked,url in text (footnote)
2-19,2,173,http://journalism.berkeley.edu/projects/biplog/archive/000748.html,http://journalism.berkeley.edu/projects/biplog/archive/000748.html,https://web.archive.org/web/20141123151615/http://journalism.berkeley.edu/projects/biplog/archive/000748.html,archived,url in text (footnote)
2-20,2,178,http://lesswrong.com/lw/j0/making_history_available/ewg,http://lesswrong.com/lw/j0/making_history_available/ewg,https://www.lesswrong.com/posts/TLKPj4GDXetZuPDH5/making-history-available?commentId=yWtaX2A8vuAaT9mLA,redirected,url in text (footnote)
2-21,2,179,Existential Risks: Analyzing Human Extinction Scenarios and Related Hazards,http://www.jetpress.org/volume9/risks.html,https://www.jetpress.org/volume9/risks.html,ok,url in text (footnote)
2-22,2,200,http://lesswrong.com/lw/s3/the_genetic_fallacy/lls,http://lesswrong.com/lw/s3/the_genetic_fallacy/lls,https://www.lesswrong.com/posts/KZLa74SzyKhSJ3M55/the-genetic-fallacy?commentId=arzu8aX3bf4PvkvMK,redirected,url in text (footnote)
2-23,2,229,http://lesswrong.com/lw/lm/affective_death_spirals/gp5,http://lesswrong.com/lw/lm/affective_death_spirals/gp5,https://www.lesswrong.com/posts/XrzQW69HpidzvBxGr/affective-death-spirals?commentId=entyDfAzEPoTXDkhu,redirected,url in text (footnote)
2-24,2,235,http://www.colorado.edu/physics/2000/bec/evap_cool.html,http://www.colorado.edu/physics/2000/bec/evap_cool.html,http://www.colorado.edu/physics/2000/bec/evap_cool.html,unchecked,url in text (footnote)
2-25,2,245,http://www.theregister.co.uk/2007/12/04/wikipedia_secret_mailing/,http://www.theregister.co.uk/2007/12/04/wikipedia_secret_mailing/,https://www.theregister.com/offbeat/2007/12/04/secret-mailing-list-rocks-wikipedia/874413,redirected,url in text (footnote)
2-26,2,245,http://www.theregister.co.uk/2007/12/06/wikipedia_and_overstock/,http://www.theregister.co.uk/2007/12/06/wikipedia_and_overstock/,https://www.theregister.com/offbeat/2007/12/06/wikipedia-black-helicopters-circle-utahs-traverse-mountain/276831,redirected,url in text (footnote)
2-27,2,245,http://postbiota.org/pipermail/tt/2007-December/001947.html,http://postbiota.org/pipermail/tt/2007-December/001947.html,http://postbiota.org/pipermail/tt/2007-December/001947.html,unchecked,url in text (footnote)
2-28,2,254,The Unlikeliest Cult in History,http://www.2think.org/02_2_she.shtml,https://www.2think.org/02_2_she.shtml,ok,url in text (footnote)
2-29,2,272,http://www.overcomingbias.com/2007/06/against_free_th.html,http://www.overcomingbias.com/2007/06/against_free_th.html,https://www.overcomingbias.com/p/against_free_thhtml,redirected,url in text (footnote)
2-30,2,306,http://forums.keenspot.com/viewtopic.php?p=1099960#p1099960,http://forums.keenspot.com/viewtopic.php?p=1099960#p1099960,https://forums.keenspot.com/viewtopic.php?p=1099960#p1099960,ok,url in text (footnote)
2-31,2,321,http://slatestarcodex.com/2014/11/27/why-i-am-not-rene-descartes/,http://slatestarcodex.com/2014/11/27/why-i-am-not-rene-descartes/,https://slatestarcodex.com/2014/11/27/why-i-am-not-rene-descartes/,ok,url in text (bibliography)
2-32,2,321,http://www.jetpress.org/volume9/risks.html,http://www.jetpress.org/volume9/risks.html,https://www.jetpress.org/volume9/risks.html,ok,url in text (bibliography)
2-33,2,323,http://www.wjh.harvard.edu/~dtg/Gilbert%20&%20Malone%20(CORRESPONDENCE%20BIAS).pdf,http://www.wjh.harvard.edu/~dtg/Gilbert%20&%20Malone%20(CORRESPONDENCE%20BIAS).pdf,http://www.wjh.harvard.edu/~dtg/Gilbert%20&%20Malone%20(CORRESPONDENCE%20BIAS).pdf,unchecked,url in text (bibliography)
2-34,2,324,http://www.overcomingbias.com/2006/12/you_are_never_e.html,http://www.overcomingbias.com/2006/12/you_are_never_e.html,https://www.overcomingbias.com/p/you_are_never_ehtml,redirected,url in text (bibliography)
2-35,2,324,http://www2.psych.ubc.ca/~schaller/Psyc590Readings/Hastorf1954.pdf,http://www2.psych.ubc.ca/~schaller/Psyc590Readings/Hastorf1954.pdf,http://www2.psych.ubc.ca/~schaller/Psyc590Readings/Hastorf1954.pdf,unchecked,url in text (bibliography)
2-36,2,324,http://www.radford.edu/~jaspelme/443/spring-2007/Articles/Jones_n_Harris_1967.pdf,http://www.radford.edu/~jaspelme/443/spring-2007/Articles/Jones_n_Harris_1967.pdf,http://www.radford.edu/~jaspelme/443/spring-2007/Articles/Jones_n_Harris_1967.pdf,unchecked,url in text (bibliography)
2-37,2,325,https://hal.archives-ouvertes.fr/file/index/docid/904097/filename/MercierSperberWhydohumansreason.pdf,https://hal.archives-ouvertes.fr/file/index/docid/904097/filename/MercierSperberWhydohumansreason.pdf,https://hal.archives-ouvertes.fr/file/index/docid/904097/filename/MercierSperberWhydohumansreason.pdf,ok,url in text (bibliography)
2-38,2,325,http://lesswrong.com/lw/5i8/the_power_of_agency/,http://lesswrong.com/lw/5i8/the_power_of_agency/,https://www.lesswrong.com/posts/vbcjYg6h3XzuqaaN8/the-power-of-agency,redirected,url in text (bibliography)
2-39,2,325,http://people.virginia.edu/~tdw/nisbett&wilson.pdf,http://people.virginia.edu/~tdw/nisbett&wilson.pdf,http://people.virginia.edu/~tdw/nisbett&wilson.pdf,unchecked,url in text (bibliography)
2-40,2,326,http://psych.princeton.edu/psychology/research/pronin/pubs/2008%20Self%20and%20Other.pdf,http://psych.princeton.edu/psychology/research/pronin/pubs/2008%20Self%20and%20Other.pdf,https://web.archive.org/web/20150301093435/http://psych.princeton.edu:80/psychology/research/pronin/pubs/2008%20Self%20and%20Other.pdf,archived,url in text (bibliography)
2-41,2,326,http://www.2think.org/02_2_she.shtml,http://www.2think.org/02_2_she.shtml,https://www.2think.org/02_2_she.shtml,ok,url in text (bibliography)
2-42,2,327,http://ssc.wisc.edu/~jpiliavi/965/hwang.pdf,http://ssc.wisc.edu/~jpiliavi/965/hwang.pdf,https://users.ssc.wisc.edu/~japiliav/965/hwang.pdf,redirected,url in text (bibliography)
2-43,2,327,http://www.jstor.org/stable/3151931,http://www.jstor.org/stable/3151931,https://www.jstor.org/stable/3151931,ok,url in text (bibliography)
2-c1,2,1,Discussion: Rationality: An Introduction,https://www.lesswrong.com/posts/8qccXytpkEhEAkjjM/rationality-an-introduction,https://www.lesswrong.com/posts/8qccXytpkEhEAkjjM/rationality-an-introduction,ok,discussion (LessWrong comments)
2-c2,2,13,Discussion: The Proper Use of Humility,https://www.lesswrong.com/posts/GrDqnMjhqoxiqpQPw/the-proper-use-of-humility,https://www.lesswrong.com/posts/GrDqnMjhqoxiqpQPw/the-proper-use-of-humility,ok,discussion (LessWrong comments)
2-c3,2,18,Discussion: The Third Alternative,https://www.lesswrong.com/posts/erGipespbbzdG5zYb/the-third-alternative,https://www.lesswrong.com/posts/erGipespbbzdG5zYb/the-third-alternative,ok,discussion (LessWrong comments)
2-c4,2,21,Discussion: Lotteries: A Waste of Hope,https://www.lesswrong.com/posts/vYsuM8cpuRgZS5rYB/lotteries-a-waste-of-hope,https://www.lesswrong.com/posts/vYsuM8cpuRgZS5rYB/lotteries-a-waste-of-hope,ok,discussion (LessWrong comments)
2-c5,2,23,Discussion: New Improved Lottery,https://www.lesswrong.com/posts/QawvGzYWhqdyPWgBL/new-improved-lottery,https://www.lesswrong.com/posts/QawvGzYWhqdyPWgBL/new-improved-lottery,ok,discussion (LessWrong comments)
2-c6,2,25,"Discussion: But There's Still A Chance, Right?",https://www.lesswrong.com/posts/q7Me34xvSG3Wm97As/but-there-s-still-a-chance-right,https://www.lesswrong.com/posts/q7Me34xvSG3Wm97As/but-there-s-still-a-chance-right,ok,discussion (LessWrong comments)
2-c7,2,27,Discussion: The Fallacy of Gray,https://www.lesswrong.com/posts/dLJv2CoRCgeC2mPgj/the-fallacy-of-gray,https://www.lesswrong.com/posts/dLJv2CoRCgeC2mPgj/the-fallacy-of-gray,ok,discussion (LessWrong comments)
2-c8,2,32,Discussion: Absolute Authority,https://www.lesswrong.com/posts/PmQkensvTGg7nGtJE/absolute-authority,https://www.lesswrong.com/posts/PmQkensvTGg7nGtJE/absolute-authority,ok,discussion (LessWrong comments)
2-c9,2,39,Discussion: How to Convince Me That 2 + 2 = 3,https://www.lesswrong.com/posts/6FmqiAgS8h4EJm86s/how-to-convince-me-that-2-2-3,https://www.lesswrong.com/posts/6FmqiAgS8h4EJm86s/how-to-convince-me-that-2-2-3,ok,discussion (LessWrong comments)
2-c10,2,42,Discussion: Infinite Certainty,https://www.lesswrong.com/posts/ooypcn7qFzsMcy53R/infinite-certainty,https://www.lesswrong.com/posts/ooypcn7qFzsMcy53R/infinite-certainty,ok,discussion (LessWrong comments)
2-c11,2,46,Discussion: 0 And 1 Are Not Probabilities,https://www.lesswrong.com/posts/QGkYCwyC7wTDyt3yT/0-and-1-are-not-probabilities,https://www.lesswrong.com/posts/QGkYCwyC7wTDyt3yT/0-and-1-are-not-probabilities,ok,discussion (LessWrong comments)
2-c12,2,50,Discussion: Your Rationality is My Business,https://www.lesswrong.com/posts/anCubLdggTWjnEvBS/your-rationality-is-my-business,https://www.lesswrong.com/posts/anCubLdggTWjnEvBS/your-rationality-is-my-business,ok,discussion (LessWrong comments)
2-c13,2,55,Discussion: Politics is the Mind-Killer,https://www.lesswrong.com/posts/9weLK2AJ9JEt2Tt8f/politics-is-the-mind-killer,https://www.lesswrong.com/posts/9weLK2AJ9JEt2Tt8f/politics-is-the-mind-killer,ok,discussion (LessWrong comments)
2-c14,2,57,Discussion: Policy Debates Should Not Appear One-Sided,https://www.lesswrong.com/posts/PeSzc9JTBxhaYRp9b/policy-debates-should-not-appear-one-sided,https://www.lesswrong.com/posts/PeSzc9JTBxhaYRp9b/policy-debates-should-not-appear-one-sided,ok,discussion (LessWrong comments)
2-c15,2,60,"Discussion: The Scales of Justice, the Notebook of Rationality",https://www.lesswrong.com/posts/XYCEB9roxEBfgjfxs/the-scales-of-justice-the-notebook-of-rationality,https://www.lesswrong.com/posts/XYCEB9roxEBfgjfxs/the-scales-of-justice-the-notebook-of-rationality,ok,discussion (LessWrong comments)
2-c16,2,63,Discussion: Correspondence Bias,https://www.lesswrong.com/posts/DB6wbyrMugYMK5o6a/correspondence-bias,https://www.lesswrong.com/posts/DB6wbyrMugYMK5o6a/correspondence-bias,ok,discussion (LessWrong comments)
2-c17,2,66,Discussion: Are Your Enemies Innately Evil?,https://www.lesswrong.com/posts/28bAMAxhoX3bwbAKC/are-your-enemies-innately-evil,https://www.lesswrong.com/posts/28bAMAxhoX3bwbAKC/are-your-enemies-innately-evil,ok,discussion (LessWrong comments)
2-c18,2,69,Discussion: Reversed Stupidity Is Not Intelligence,https://www.lesswrong.com/posts/qNZM3EGoE5ZeMdCRt/reversed-stupidity-is-not-intelligence,https://www.lesswrong.com/posts/qNZM3EGoE5ZeMdCRt/reversed-stupidity-is-not-intelligence,ok,discussion (LessWrong comments)
2-c19,2,73,Discussion: Argument Screens Off Authority,https://www.lesswrong.com/posts/5yFRd3cjLpm3Nd6Di/argument-screens-off-authority,https://www.lesswrong.com/posts/5yFRd3cjLpm3Nd6Di/argument-screens-off-authority,ok,discussion (LessWrong comments)
2-c20,2,79,Discussion: Hug the Query,https://www.lesswrong.com/posts/2jp98zdLo898qExrr/hug-the-query,https://www.lesswrong.com/posts/2jp98zdLo898qExrr/hug-the-query,ok,discussion (LessWrong comments)
2-c21,2,81,Discussion: Rationality and the English Language,https://www.lesswrong.com/posts/Lz64L3yJEtYGkzMzu/rationality-and-the-english-language,https://www.lesswrong.com/posts/Lz64L3yJEtYGkzMzu/rationality-and-the-english-language,ok,discussion (LessWrong comments)
2-c22,2,85,Discussion: Human Evil and Muddled Thinking,https://www.lesswrong.com/posts/i8q4vXestDkGTFwsc/human-evil-and-muddled-thinking,https://www.lesswrong.com/posts/i8q4vXestDkGTFwsc/human-evil-and-muddled-thinking,ok,discussion (LessWrong comments)
2-c23,2,91,Discussion: Knowing About Biases Can Hurt People,https://www.lesswrong.com/posts/AdYdLP2sRqPMoe8fb/knowing-about-biases-can-hurt-people,https://www.lesswrong.com/posts/AdYdLP2sRqPMoe8fb/knowing-about-biases-can-hurt-people,ok,discussion (LessWrong comments)
2-c24,2,94,Discussion: Update Yourself Incrementally,https://www.lesswrong.com/posts/627DZcvme7nLDrbZu/update-yourself-incrementally,https://www.lesswrong.com/posts/627DZcvme7nLDrbZu/update-yourself-incrementally,ok,discussion (LessWrong comments)
2-c25,2,97,Discussion: One Argument Against An Army,https://www.lesswrong.com/posts/WN73eiLQkuDtSC8Ag/one-argument-against-an-army,https://www.lesswrong.com/posts/WN73eiLQkuDtSC8Ag/one-argument-against-an-army,ok,discussion (LessWrong comments)
2-c26,2,99,Discussion: The Bottom Line,https://www.lesswrong.com/posts/34XxbRFe54FycoCDw/the-bottom-line,https://www.lesswrong.com/posts/34XxbRFe54FycoCDw/the-bottom-line,ok,discussion (LessWrong comments)
2-c27,2,102,Discussion: What Evidence Filtered Evidence?,https://www.lesswrong.com/posts/kJiPnaQPiy4p9Eqki/what-evidence-filtered-evidence,https://www.lesswrong.com/posts/kJiPnaQPiy4p9Eqki/what-evidence-filtered-evidence,ok,discussion (LessWrong comments)
2-c28,2,105,Discussion: Rationalization,https://www.lesswrong.com/posts/SFZoEBpLo9frSJGkc/rationalization,https://www.lesswrong.com/posts/SFZoEBpLo9frSJGkc/rationalization,ok,discussion (LessWrong comments)
2-c29,2,108,Discussion: A Rational Argument,https://www.lesswrong.com/posts/9f5EXt8KNNxTAihtZ/a-rational-argument,https://www.lesswrong.com/posts/9f5EXt8KNNxTAihtZ/a-rational-argument,ok,discussion (LessWrong comments)
2-c30,2,111,Discussion: Avoiding Your Belief's Real Weak Points,https://www.lesswrong.com/posts/dHQkDNMhj692ayx78/avoiding-your-belief-s-real-weak-points,https://www.lesswrong.com/posts/dHQkDNMhj692ayx78/avoiding-your-belief-s-real-weak-points,ok,discussion (LessWrong comments)
2-c31,2,116,Discussion: Motivated Stopping and Motivated Continuation,https://www.lesswrong.com/posts/L32LHWzy9FzSDazEg/motivated-stopping-and-motivated-continuation,https://www.lesswrong.com/posts/L32LHWzy9FzSDazEg/motivated-stopping-and-motivated-continuation,ok,discussion (LessWrong comments)
2-c32,2,119,Discussion: Fake Justification,https://www.lesswrong.com/posts/bfbiyTogEKWEGP96S/fake-justification,https://www.lesswrong.com/posts/bfbiyTogEKWEGP96S/fake-justification,ok,discussion (LessWrong comments)
2-c33,2,122,Discussion: Is That Your True Rejection?,https://www.lesswrong.com/posts/TGux5Fhcd7GmTfNGC/is-that-your-true-rejection,https://www.lesswrong.com/posts/TGux5Fhcd7GmTfNGC/is-that-your-true-rejection,ok,discussion (LessWrong comments)
2-c34,2,126,"Discussion: Entangled Truths, Contagious Lies",https://www.lesswrong.com/posts/wyyfFfaRar2jEdeQK/entangled-truths-contagious-lies,https://www.lesswrong.com/posts/wyyfFfaRar2jEdeQK/entangled-truths-contagious-lies,ok,discussion (LessWrong comments)
2-c35,2,130,Discussion: Of Lies and Black Swan Blowups,https://www.lesswrong.com/posts/E7CKXxtGKPmdM9ZRc/of-lies-and-black-swan-blowups,https://www.lesswrong.com/posts/E7CKXxtGKPmdM9ZRc/of-lies-and-black-swan-blowups,ok,discussion (LessWrong comments)
2-c36,2,131,Discussion: Dark Side Epistemology,https://www.lesswrong.com/posts/XTWkjCJScy2GFAgDt/dark-side-epistemology,https://www.lesswrong.com/posts/XTWkjCJScy2GFAgDt/dark-side-epistemology,ok,discussion (LessWrong comments)
2-c37,2,139,Discussion: Singlethink,https://www.lesswrong.com/posts/CahCppKy9HuXe3j2i/singlethink,https://www.lesswrong.com/posts/CahCppKy9HuXe3j2i/singlethink,ok,discussion (LessWrong comments)
2-c38,2,141,Discussion: Doublethink (Choosing to be Biased),https://www.lesswrong.com/posts/Hs3ymqypvhgFMkgLb/doublethink-choosing-to-be-biased,https://www.lesswrong.com/posts/Hs3ymqypvhgFMkgLb/doublethink-choosing-to-be-biased,ok,discussion (LessWrong comments)
2-c39,2,145,"Discussion: No, Really, I've Deceived Myself",https://www.lesswrong.com/posts/rZX4WuufAPbN6wQTv/no-really-i-ve-deceived-myself,https://www.lesswrong.com/posts/rZX4WuufAPbN6wQTv/no-really-i-ve-deceived-myself,ok,discussion (LessWrong comments)
2-c40,2,147,Discussion: Belief in Self-Deception,https://www.lesswrong.com/posts/wP2ymm44kZZwaFPYh/belief-in-self-deception,https://www.lesswrong.com/posts/wP2ymm44kZZwaFPYh/belief-in-self-deception,ok,discussion (LessWrong comments)
2-c41,2,152,Discussion: Moore's Paradox,https://www.lesswrong.com/posts/ERRk4thxxYNcScqR4/moore-s-paradox,https://www.lesswrong.com/posts/ERRk4thxxYNcScqR4/moore-s-paradox,ok,discussion (LessWrong comments)
2-c42,2,155,Discussion: Don't Believe You'll Self-Deceive,https://www.lesswrong.com/posts/W7LcN9gmdnaAk9K52/don-t-believe-you-ll-self-deceive,https://www.lesswrong.com/posts/W7LcN9gmdnaAk9K52/don-t-believe-you-ll-self-deceive,ok,discussion (LessWrong comments)
2-c43,2,161,Discussion: Anchoring and Adjustment,https://www.lesswrong.com/posts/bMkCEZoBNhgRBtzoj/anchoring-and-adjustment,https://www.lesswrong.com/posts/bMkCEZoBNhgRBtzoj/anchoring-and-adjustment,ok,discussion (LessWrong comments)
2-c44,2,163,Discussion: Priming and Contamination,https://www.lesswrong.com/posts/BaCWFCxBQYjJXSsah/priming-and-contamination,https://www.lesswrong.com/posts/BaCWFCxBQYjJXSsah/priming-and-contamination,ok,discussion (LessWrong comments)
2-c45,2,166,Discussion: Do We Believe Everything We're Told?,https://www.lesswrong.com/posts/TiDGXt3WrQwtCdDj3/do-we-believe-everything-we-re-told,https://www.lesswrong.com/posts/TiDGXt3WrQwtCdDj3/do-we-believe-everything-we-re-told,ok,discussion (LessWrong comments)
2-c46,2,169,Discussion: Cached Thoughts,https://www.lesswrong.com/posts/2MD3NMLBPCqPfnfre/cached-thoughts,https://www.lesswrong.com/posts/2MD3NMLBPCqPfnfre/cached-thoughts,ok,discussion (LessWrong comments)
2-c47,2,172,"Discussion: The ""Outside the Box"" Box",https://www.lesswrong.com/posts/qu95AwSrKqQSo4fCY/the-outside-the-box-box,https://www.lesswrong.com/posts/qu95AwSrKqQSo4fCY/the-outside-the-box-box,ok,discussion (LessWrong comments)
2-c48,2,175,Discussion: Original Seeing,https://www.lesswrong.com/posts/SA79JMXKWke32A3hG/original-seeing,https://www.lesswrong.com/posts/SA79JMXKWke32A3hG/original-seeing,ok,discussion (LessWrong comments)
2-c49,2,177,Discussion: Stranger Than History,https://www.lesswrong.com/posts/h3vdnR34ZvohDEFT5/stranger-than-history,https://www.lesswrong.com/posts/h3vdnR34ZvohDEFT5/stranger-than-history,ok,discussion (LessWrong comments)
2-c50,2,179,Discussion: The Logical Fallacy of Generalization from Fictional Evidence,https://www.lesswrong.com/posts/rHBdcHGLJ7KvLJQPk/the-logical-fallacy-of-generalization-from-fictional,https://www.lesswrong.com/posts/rHBdcHGLJ7KvLJQPk/the-logical-fallacy-of-generalization-from-fictional,ok,discussion (LessWrong comments)
2-c51,2,185,Discussion: The Virtue of Narrowness,https://www.lesswrong.com/posts/yDfxTj9TKYsYiWH5o/the-virtue-of-narrowness,https://www.lesswrong.com/posts/yDfxTj9TKYsYiWH5o/the-virtue-of-narrowness,ok,discussion (LessWrong comments)
2-c52,2,189,Discussion: How to Seem (and Be) Deep,https://www.lesswrong.com/posts/aSQy7yHj6nPD44RNo/how-to-seem-and-be-deep,https://www.lesswrong.com/posts/aSQy7yHj6nPD44RNo/how-to-seem-and-be-deep,ok,discussion (LessWrong comments)
2-c53,2,193,Discussion: We Change Our Minds Less Often Than We Think,https://www.lesswrong.com/posts/buixYfcXBah9hbSNZ/we-change-our-minds-less-often-than-we-think,https://www.lesswrong.com/posts/buixYfcXBah9hbSNZ/we-change-our-minds-less-often-than-we-think,ok,discussion (LessWrong comments)
2-c54,2,195,Discussion: Hold Off On Proposing Solutions,https://www.lesswrong.com/posts/uHYYA32CKgKT3FagE/hold-off-on-proposing-solutions,https://www.lesswrong.com/posts/uHYYA32CKgKT3FagE/hold-off-on-proposing-solutions,ok,discussion (LessWrong comments)
2-c55,2,198,Discussion: The Genetic Fallacy,https://www.lesswrong.com/posts/KZLa74SzyKhSJ3M55/the-genetic-fallacy,https://www.lesswrong.com/posts/KZLa74SzyKhSJ3M55/the-genetic-fallacy,ok,discussion (LessWrong comments)
2-c56,2,203,Discussion: The Affect Heuristic,https://www.lesswrong.com/posts/Kow8xRzpfkoY7pa69/the-affect-heuristic,https://www.lesswrong.com/posts/Kow8xRzpfkoY7pa69/the-affect-heuristic,ok,discussion (LessWrong comments)
2-c57,2,206,Discussion: Evaluability (And Cheap Holiday Shopping),https://www.lesswrong.com/posts/3T6p93Mut7G8qdkAs/evaluability-and-cheap-holiday-shopping,https://www.lesswrong.com/posts/3T6p93Mut7G8qdkAs/evaluability-and-cheap-holiday-shopping,ok,discussion (LessWrong comments)
2-c58,2,210,"Discussion: Unbounded Scales, Huge Jury Awards, & Futurism",https://www.lesswrong.com/posts/5u5THLyRkTpPHiaG5/unbounded-scales-huge-jury-awards-and-futurism,https://www.lesswrong.com/posts/5u5THLyRkTpPHiaG5/unbounded-scales-huge-jury-awards-and-futurism,ok,discussion (LessWrong comments)
2-c59,2,213,Discussion: The Halo Effect,https://www.lesswrong.com/posts/ACGeaAk6KButv2xwQ/the-halo-effect,https://www.lesswrong.com/posts/ACGeaAk6KButv2xwQ/the-halo-effect,ok,discussion (LessWrong comments)
2-c60,2,217,Discussion: Superhero Bias,https://www.lesswrong.com/posts/krMzmSXgvEdf7iBT6/superhero-bias,https://www.lesswrong.com/posts/krMzmSXgvEdf7iBT6/superhero-bias,ok,discussion (LessWrong comments)
2-c61,2,220,Discussion: Mere Messiahs,https://www.lesswrong.com/posts/Tv7WWhgbKMWzEnMmx/mere-messiahs,https://www.lesswrong.com/posts/Tv7WWhgbKMWzEnMmx/mere-messiahs,ok,discussion (LessWrong comments)
2-c62,2,223,Discussion: Affective Death Spirals,https://www.lesswrong.com/posts/XrzQW69HpidzvBxGr/affective-death-spirals,https://www.lesswrong.com/posts/XrzQW69HpidzvBxGr/affective-death-spirals,ok,discussion (LessWrong comments)
2-c63,2,225,Discussion: Resist the Happy Death Spiral,https://www.lesswrong.com/posts/hwi8JQjspnMWyWs4g/resist-the-happy-death-spiral,https://www.lesswrong.com/posts/hwi8JQjspnMWyWs4g/resist-the-happy-death-spiral,ok,discussion (LessWrong comments)
2-c64,2,231,Discussion: Uncritical Supercriticality,https://www.lesswrong.com/posts/NCefvet6X3Sd4wrPc/uncritical-supercriticality,https://www.lesswrong.com/posts/NCefvet6X3Sd4wrPc/uncritical-supercriticality,ok,discussion (LessWrong comments)
2-c65,2,235,Discussion: Evaporative Cooling of Group Beliefs,https://www.lesswrong.com/posts/ZQG9cwKbct2LtmL3p/evaporative-cooling-of-group-beliefs,https://www.lesswrong.com/posts/ZQG9cwKbct2LtmL3p/evaporative-cooling-of-group-beliefs,ok,discussion (LessWrong comments)
2-c66,2,239,Discussion: When None Dare Urge Restraint,https://www.lesswrong.com/posts/Tw9cLvzSKrkGjNHW3/when-none-dare-urge-restraint,https://www.lesswrong.com/posts/Tw9cLvzSKrkGjNHW3/when-none-dare-urge-restraint,ok,discussion (LessWrong comments)
2-c67,2,242,Discussion: The Robbers Cave Experiment,https://www.lesswrong.com/posts/MBpj3QKfPg9xKNeXW/the-robbers-cave-experiment,https://www.lesswrong.com/posts/MBpj3QKfPg9xKNeXW/the-robbers-cave-experiment,ok,discussion (LessWrong comments)
2-c68,2,245,Discussion: Every Cause Wants To Be A Cult,https://www.lesswrong.com/posts/yEjaj7PWacno5EvWa/every-cause-wants-to-be-a-cult,https://www.lesswrong.com/posts/yEjaj7PWacno5EvWa/every-cause-wants-to-be-a-cult,ok,discussion (LessWrong comments)
2-c69,2,248,Discussion: Guardians of the Truth,https://www.lesswrong.com/posts/etBrzxdfNop3DqJvA/guardians-of-the-truth,https://www.lesswrong.com/posts/etBrzxdfNop3DqJvA/guardians-of-the-truth,ok,discussion (LessWrong comments)
2-c70,2,253,Discussion: Guardians of the Gene Pool,https://www.lesswrong.com/posts/aFtWRL3QihoF5uQd5/guardians-of-the-gene-pool,https://www.lesswrong.com/posts/aFtWRL3QihoF5uQd5/guardians-of-the-gene-pool,ok,discussion (LessWrong comments)
2-c71,2,254,Discussion: Guardians of Ayn Rand,https://www.lesswrong.com/posts/96TBXaHwLbFyeAxrg/guardians-of-ayn-rand,https://www.lesswrong.com/posts/96TBXaHwLbFyeAxrg/guardians-of-ayn-rand,ok,discussion (LessWrong comments)
2-c72,2,260,Discussion: Two Cult Koans,https://www.lesswrong.com/posts/Qr4MB9hFRzamuMRHJ/two-cult-koans,https://www.lesswrong.com/posts/Qr4MB9hFRzamuMRHJ/two-cult-koans,ok,discussion (LessWrong comments)
2-c73,2,262,Discussion: Asch's Conformity Experiment,https://www.lesswrong.com/posts/WHK94zXkQm7qm7wXk/asch-s-conformity-experiment,https://www.lesswrong.com/posts/WHK94zXkQm7qm7wXk/asch-s-conformity-experiment,ok,discussion (LessWrong comments)
2-c74,2,266,Discussion: On Expressing Your Concerns,https://www.lesswrong.com/posts/ovvwAhKKoNbfcMz8K/on-expressing-your-concerns,https://www.lesswrong.com/posts/ovvwAhKKoNbfcMz8K/on-expressing-your-concerns,ok,discussion (LessWrong comments)
2-c75,2,269,Discussion: Lonely Dissent,https://www.lesswrong.com/posts/CEGnJBHmkcwPTysb7/lonely-dissent,https://www.lesswrong.com/posts/CEGnJBHmkcwPTysb7/lonely-dissent,ok,discussion (LessWrong comments)
2-c76,2,273,Discussion: Cultish Countercultishness,https://www.lesswrong.com/posts/gBma88LH3CLQsqyfS/cultish-countercultishness,https://www.lesswrong.com/posts/gBma88LH3CLQsqyfS/cultish-countercultishness,ok,discussion (LessWrong comments)
2-c77,2,283,"Discussion: The Importance of Saying ""Oops""",https://www.lesswrong.com/posts/wCqfCLs8z5Qw4GbKS/the-importance-of-saying-oops,https://www.lesswrong.com/posts/wCqfCLs8z5Qw4GbKS/the-importance-of-saying-oops,ok,discussion (LessWrong comments)
2-c78,2,286,Discussion: The Crackpot Offer,https://www.lesswrong.com/posts/qRWfvgJG75ESLRNu9/the-crackpot-offer,https://www.lesswrong.com/posts/qRWfvgJG75ESLRNu9/the-crackpot-offer,ok,discussion (LessWrong comments)
2-c79,2,289,Discussion: Just Lose Hope Already,https://www.lesswrong.com/posts/waqC6FihC2ryAZuAq/just-lose-hope-already,https://www.lesswrong.com/posts/waqC6FihC2ryAZuAq/just-lose-hope-already,ok,discussion (LessWrong comments)
2-c80,2,291,Discussion: The Proper Use of Doubt,https://www.lesswrong.com/posts/43PTNr4ZMaezyAJ5o/the-proper-use-of-doubt,https://www.lesswrong.com/posts/43PTNr4ZMaezyAJ5o/the-proper-use-of-doubt,ok,discussion (LessWrong comments)
2-c81,2,294,Discussion: You Can Face Reality,https://www.lesswrong.com/posts/HYWhKXRsMAyvRKRYz/you-can-face-reality,https://www.lesswrong.com/posts/HYWhKXRsMAyvRKRYz/you-can-face-reality,ok,discussion (LessWrong comments)
2-c82,2,295,Discussion: The Meditation on Curiosity,https://www.lesswrong.com/posts/3nZMgRTfFEfHp34Gb/the-meditation-on-curiosity,https://www.lesswrong.com/posts/3nZMgRTfFEfHp34Gb/the-meditation-on-curiosity,ok,discussion (LessWrong comments)
2-c83,2,299,Discussion: No One Can Exempt You From Rationality's Laws,https://www.lesswrong.com/posts/eY45uCCX7DdwJ4Jha/no-one-can-exempt-you-from-rationality-s-laws,https://www.lesswrong.com/posts/eY45uCCX7DdwJ4Jha/no-one-can-exempt-you-from-rationality-s-laws,ok,discussion (LessWrong comments)
2-c84,2,302,Discussion: Leave a Line of Retreat,https://www.lesswrong.com/posts/3XgYbghWruBMrPTAL/leave-a-line-of-retreat,https://www.lesswrong.com/posts/3XgYbghWruBMrPTAL/leave-a-line-of-retreat,ok,discussion (LessWrong comments)
2-c85,2,306,Discussion: Crisis of Faith,https://www.lesswrong.com/posts/BcYBfG8KomcpcxkEg/crisis-of-faith,https://www.lesswrong.com/posts/BcYBfG8KomcpcxkEg/crisis-of-faith,ok,discussion (LessWrong comments)
2-c86,2,315,Discussion: The Ritual,https://www.lesswrong.com/posts/kXAb5riiaJNrfR8v8/the-ritual,https://www.lesswrong.com/posts/kXAb5riiaJNrfR8v8/the-ritual,ok,discussion (LessWrong comments)
3-1,3,6,https://intelligence.org/files/CognitiveBiases.pdf,https://intelligence.org/files/CognitiveBiases.pdf,https://intelligence.org/files/CognitiveBiases.pdf,ok,url in text (footnote)
3-2,3,7,https://intelligence.org/files/AIPosNegFactor.pdf,https://intelligence.org/files/AIPosNegFactor.pdf,https://intelligence.org/files/AIPosNegFactor.pdf,ok,url in text (footnote)
3-3,3,21,http://extropians.weidai.com/extropians.1Q99/0380.html,http://extropians.weidai.com/extropians.1Q99/0380.html,http://extropians.weidai.com/extropians.1Q99/0380.html,unchecked,url in text (footnote)
3-4,3,22,http://en.wikipedia.org/wiki/Azathoth,http://en.wikipedia.org/wiki/Azathoth,https://en.wikipedia.org/wiki/Azathoth,ok,url in text (footnote)
3-5,3,33,http://en.wikipedia.org/wiki/Price_equation,http://en.wikipedia.org/wiki/Price_equation,https://en.wikipedia.org/wiki/Price_equation,ok,url in text (footnote)
3-6,3,46,http://www.gnxp.com/MT2/archives/003540.html,http://www.gnxp.com/MT2/archives/003540.html,http://www.gnxp.com/MT2/archives/003540.html,unchecked,url in text (footnote)
3-7,3,49,http://extropians.weidai.com/extropians.4Q01/4153.html,http://extropians.weidai.com/extropians.4Q01/4153.html,http://extropians.weidai.com/extropians.4Q01/4153.html,unchecked,url in text (footnote)
3-8,3,57,https://oll.libertyfund.org/titles/2254,https://oll.libertyfund.org/titles/2254,https://oll.libertyfund.org/titles/2254,unchecked,url in text (footnote)
3-9,3,66,http://www.youtube.com/watch?v=iYhCn0jf46U,http://www.youtube.com/watch?v=iYhCn0jf46U,http://www.youtube.com/watch?v=iYhCn0jf46U,unchecked,url in text (footnote)
3-10,3,68,http://interstice.com/~simon/AfterLife/,http://interstice.com/~simon/AfterLife/,https://interstice.com/~simon/AfterLife/,ok,url in text (footnote)
3-11,3,87,http://lesswrong.com/lw/l2/protein_reinforcement_and_dna_consequentialism/,http://lesswrong.com/lw/l2/protein_reinforcement_and_dna_consequentialism/,https://www.lesswrong.com/posts/gTNB9CQd5hnbkMxAG/protein-reinforcement-and-dna-consequentialism,redirected,url in text (footnote)
3-12,3,97,http://lesswrong.com/lw/re/grasping_slippery_things/,http://lesswrong.com/lw/re/grasping_slippery_things/,https://www.lesswrong.com/posts/HnS6c5Xm9p9sbm4a8/grasping-slippery-things,redirected,url in text (footnote)
3-13,3,129,http://www.sfgate.com/bayarea/article/Science-courses-nearly-extinct-in-elementary-3236187.php,http://www.sfgate.com/bayarea/article/Science-courses-nearly-extinct-in-elementary-3236187.php,https://www.sfgate.com/bayarea/article/Science-courses-nearly-extinct-in-elementary-3236187.php,ok,url in text (footnote)
3-14,3,130,https://blogs.scientificamerican.com/observations/five-sigmawhats-that/,https://blogs.scientificamerican.com/observations/five-sigmawhats-that/,https://www.scientificamerican.com/blog/observations/five-sigmawhats-that/,redirected,url in text (footnote)
3-15,3,194,http://arxiv.org/abs/0706.3639,http://arxiv.org/abs/0706.3639,https://arxiv.org/abs/0706.3639,ok,url in text (footnote)
3-16,3,215,http://lesswrong.com/lw/nw/fallacies_of_compression/ia9,http://lesswrong.com/lw/nw/fallacies_of_compression/ia9,https://www.lesswrong.com/posts/y5MxoeacRKKM3KQth/fallacies-of-compression?commentId=GmWd9Tu8kbrpNjxr2,redirected,url in text (footnote)
3-17,3,259,http://yudkowsky.net/rational/bayes,http://yudkowsky.net/rational/bayes,https://www.yudkowsky.net/rational/bayes,ok,url in text (footnote)
3-c1,3,1,Discussion: Minds: An Introduction,https://www.lesswrong.com/posts/8GhSZzsQmusCN9is7/minds-an-introduction,https://www.lesswrong.com/posts/8GhSZzsQmusCN9is7/minds-an-introduction,ok,discussion (LessWrong comments)
3-c2,3,8,Discussion: The Power of Intelligence,https://www.lesswrong.com/posts/aiQabnugDhcrFtr9n/the-power-of-intelligence,https://www.lesswrong.com/posts/aiQabnugDhcrFtr9n/the-power-of-intelligence,ok,discussion (LessWrong comments)
3-c3,3,15,Discussion: An Alien God,https://www.lesswrong.com/posts/pLRogvJLPPg6Mrvg4/an-alien-god,https://www.lesswrong.com/posts/pLRogvJLPPg6Mrvg4/an-alien-god,ok,discussion (LessWrong comments)
3-c4,3,23,Discussion: The Wonder of Evolution,https://www.lesswrong.com/posts/ZyNak8F6WXjuEbWWc/the-wonder-of-evolution,https://www.lesswrong.com/posts/ZyNak8F6WXjuEbWWc/the-wonder-of-evolution,ok,discussion (LessWrong comments)
3-c5,3,27,Discussion: Evolutions Are Stupid (But Work Anyway),https://www.lesswrong.com/posts/jAToJHtg39AMTAuJo/evolutions-are-stupid-but-work-anyway,https://www.lesswrong.com/posts/jAToJHtg39AMTAuJo/evolutions-are-stupid-but-work-anyway,ok,discussion (LessWrong comments)
3-c6,3,32,Discussion: No Evolutions for Corporations or Nanodevices,https://www.lesswrong.com/posts/XC7Kry5q6CD9TyG4K/no-evolutions-for-corporations-or-nanodevices,https://www.lesswrong.com/posts/XC7Kry5q6CD9TyG4K/no-evolutions-for-corporations-or-nanodevices,ok,discussion (LessWrong comments)
3-c7,3,38,Discussion: Evolving to Extinction,https://www.lesswrong.com/posts/gDNrpuwahdRrDJ9iY/evolving-to-extinction,https://www.lesswrong.com/posts/gDNrpuwahdRrDJ9iY/evolving-to-extinction,ok,discussion (LessWrong comments)
3-c8,3,44,Discussion: The Tragedy of Group Selectionism,https://www.lesswrong.com/posts/QsMJQSFj7WfoTMNgW/the-tragedy-of-group-selectionism,https://www.lesswrong.com/posts/QsMJQSFj7WfoTMNgW/the-tragedy-of-group-selectionism,ok,discussion (LessWrong comments)
3-c9,3,50,Discussion: Fake Optimization Criteria,https://www.lesswrong.com/posts/i6fKszWY6gLZSX2Ey/fake-optimization-criteria,https://www.lesswrong.com/posts/i6fKszWY6gLZSX2Ey/fake-optimization-criteria,ok,discussion (LessWrong comments)
3-c10,3,53,"Discussion: Adaptation-Executers, not Fitness-Maximizers",https://www.lesswrong.com/posts/XPErvb8m9FapXCjhA/adaptation-executers-not-fitness-maximizers,https://www.lesswrong.com/posts/XPErvb8m9FapXCjhA/adaptation-executers-not-fitness-maximizers,ok,discussion (LessWrong comments)
3-c11,3,56,Discussion: Evolutionary Psychology,https://www.lesswrong.com/posts/epZLSoNvjW53tqNj9/evolutionary-psychology,https://www.lesswrong.com/posts/epZLSoNvjW53tqNj9/evolutionary-psychology,ok,discussion (LessWrong comments)
3-c12,3,61,Discussion: An Especially Elegant Evpsych Experiment,https://www.lesswrong.com/posts/J4vdsSKB7LzAvaAMB/an-especially-elegant-evpsych-experiment,https://www.lesswrong.com/posts/J4vdsSKB7LzAvaAMB/an-especially-elegant-evpsych-experiment,ok,discussion (LessWrong comments)
3-c13,3,65,Discussion: Superstimuli and the Collapse of Western Civilization,https://www.lesswrong.com/posts/Jq73GozjsuhdwMLEG/superstimuli-and-the-collapse-of-western-civilization,https://www.lesswrong.com/posts/Jq73GozjsuhdwMLEG/superstimuli-and-the-collapse-of-western-civilization,ok,discussion (LessWrong comments)
3-c14,3,69,Discussion: Thou Art Godshatter,https://www.lesswrong.com/posts/cSXZpvqpa9vbGGLtG/thou-art-godshatter,https://www.lesswrong.com/posts/cSXZpvqpa9vbGGLtG/thou-art-godshatter,ok,discussion (LessWrong comments)
3-c15,3,77,Discussion: Belief in Intelligence,https://www.lesswrong.com/posts/HktFCy6dgsqJ9WPpX/belief-in-intelligence,https://www.lesswrong.com/posts/HktFCy6dgsqJ9WPpX/belief-in-intelligence,ok,discussion (LessWrong comments)
3-c16,3,80,Discussion: Humans in Funny Suits,https://www.lesswrong.com/posts/Zkzzjg3h7hW5Z36hK/humans-in-funny-suits,https://www.lesswrong.com/posts/Zkzzjg3h7hW5Z36hK/humans-in-funny-suits,ok,discussion (LessWrong comments)
3-c17,3,86,Discussion: Optimization and the Intelligence Explosion,https://www.lesswrong.com/posts/8vpf46nLMDYPC6wA4/optimization-and-the-intelligence-explosion,https://www.lesswrong.com/posts/8vpf46nLMDYPC6wA4/optimization-and-the-intelligence-explosion,ok,discussion (LessWrong comments)
3-c18,3,93,Discussion: Ghosts in the Machine,https://www.lesswrong.com/posts/cnYHFNBF3kZEyx24v/ghosts-in-the-machine,https://www.lesswrong.com/posts/cnYHFNBF3kZEyx24v/ghosts-in-the-machine,ok,discussion (LessWrong comments)
3-c19,3,98,Discussion: Artificial Addition,https://www.lesswrong.com/posts/YhgjmCxcQXixStWMC/artificial-addition,https://www.lesswrong.com/posts/YhgjmCxcQXixStWMC/artificial-addition,ok,discussion (LessWrong comments)
3-c20,3,105,Discussion: Terminal Values and Instrumental Values,https://www.lesswrong.com/posts/n5ucT5ZbPdhfGNLtP/terminal-values-and-instrumental-values,https://www.lesswrong.com/posts/n5ucT5ZbPdhfGNLtP/terminal-values-and-instrumental-values,ok,discussion (LessWrong comments)
3-c21,3,114,Discussion: Leaky Generalizations,https://www.lesswrong.com/posts/Tc2H9KbKRjuDJ3WSS/leaky-generalizations,https://www.lesswrong.com/posts/Tc2H9KbKRjuDJ3WSS/leaky-generalizations,ok,discussion (LessWrong comments)
3-c22,3,118,Discussion: The Hidden Complexity of Wishes,https://www.lesswrong.com/posts/4ARaTpNX62uaL86j6/the-hidden-complexity-of-wishes,https://www.lesswrong.com/posts/4ARaTpNX62uaL86j6/the-hidden-complexity-of-wishes,ok,discussion (LessWrong comments)
3-c23,3,125,Discussion: Anthropomorphic Optimism,https://www.lesswrong.com/posts/RcZeZt8cPk48xxiQ8/anthropomorphic-optimism,https://www.lesswrong.com/posts/RcZeZt8cPk48xxiQ8/anthropomorphic-optimism,ok,discussion (LessWrong comments)
3-c24,3,129,Discussion: Lost Purposes,https://www.lesswrong.com/posts/sP2Hg6uPwpfp3jZJN/lost-purposes,https://www.lesswrong.com/posts/sP2Hg6uPwpfp3jZJN/lost-purposes,ok,discussion (LessWrong comments)
3-c25,3,137,Discussion: The Parable of the Dagger,https://www.lesswrong.com/posts/hQxYBfu2LPc9Ydo6w/the-parable-of-the-dagger,https://www.lesswrong.com/posts/hQxYBfu2LPc9Ydo6w/the-parable-of-the-dagger,ok,discussion (LessWrong comments)
3-c26,3,139,Discussion: The Parable of Hemlock,https://www.lesswrong.com/posts/bcM5ft8jvsffsZZ4Y/the-parable-of-hemlock,https://www.lesswrong.com/posts/bcM5ft8jvsffsZZ4Y/the-parable-of-hemlock,ok,discussion (LessWrong comments)
3-c27,3,143,Discussion: Words as Hidden Inferences,https://www.lesswrong.com/posts/3nxs2WYDGzJbzcLMp/words-as-hidden-inferences,https://www.lesswrong.com/posts/3nxs2WYDGzJbzcLMp/words-as-hidden-inferences,ok,discussion (LessWrong comments)
3-c28,3,146,Discussion: Extensions and Intensions,https://www.lesswrong.com/posts/HsznWM9A7NiuGsp28/extensions-and-intensions,https://www.lesswrong.com/posts/HsznWM9A7NiuGsp28/extensions-and-intensions,ok,discussion (LessWrong comments)
3-c29,3,150,Discussion: Similarity Clusters,https://www.lesswrong.com/posts/jMTbQj9XB5ah2maup/similarity-clusters,https://www.lesswrong.com/posts/jMTbQj9XB5ah2maup/similarity-clusters,ok,discussion (LessWrong comments)
3-c30,3,152,Discussion: Typicality and Asymmetrical Similarity,https://www.lesswrong.com/posts/4mEsPHqcbRWxnaE5b/typicality-and-asymmetrical-similarity,https://www.lesswrong.com/posts/4mEsPHqcbRWxnaE5b/typicality-and-asymmetrical-similarity,ok,discussion (LessWrong comments)
3-c31,3,155,Discussion: The Cluster Structure of Thingspace,https://www.lesswrong.com/posts/WBw8dDkAWohFjWQSk/the-cluster-structure-of-thingspace,https://www.lesswrong.com/posts/WBw8dDkAWohFjWQSk/the-cluster-structure-of-thingspace,ok,discussion (LessWrong comments)
3-c32,3,159,Discussion: Disguised Queries,https://www.lesswrong.com/posts/4FcxgdvdQP45D6Skg/disguised-queries,https://www.lesswrong.com/posts/4FcxgdvdQP45D6Skg/disguised-queries,ok,discussion (LessWrong comments)
3-c33,3,164,Discussion: Neural Categories,https://www.lesswrong.com/posts/yFDKvfN6D87Tf5J9f/neural-categories,https://www.lesswrong.com/posts/yFDKvfN6D87Tf5J9f/neural-categories,ok,discussion (LessWrong comments)
3-c34,3,170,Discussion: How An Algorithm Feels From Inside,https://www.lesswrong.com/posts/yA4gF5KrboK2m2Xu7/how-an-algorithm-feels-from-inside,https://www.lesswrong.com/posts/yA4gF5KrboK2m2Xu7/how-an-algorithm-feels-from-inside,ok,discussion (LessWrong comments)
3-c35,3,175,Discussion: Disputing Definitions,https://www.lesswrong.com/posts/7X2j8HAkWdmMoS8PE/disputing-definitions,https://www.lesswrong.com/posts/7X2j8HAkWdmMoS8PE/disputing-definitions,ok,discussion (LessWrong comments)
3-c36,3,181,Discussion: Feel the Meaning,https://www.lesswrong.com/posts/dMCFk2n2ur8n62hqB/feel-the-meaning,https://www.lesswrong.com/posts/dMCFk2n2ur8n62hqB/feel-the-meaning,ok,discussion (LessWrong comments)
3-c37,3,185,Discussion: The Argument from Common Usage,https://www.lesswrong.com/posts/9ZooAqfh2TC9SBDvq/the-argument-from-common-usage,https://www.lesswrong.com/posts/9ZooAqfh2TC9SBDvq/the-argument-from-common-usage,ok,discussion (LessWrong comments)
3-c38,3,189,Discussion: Empty Labels,https://www.lesswrong.com/posts/i2dfY65JciebF3CAo/empty-labels,https://www.lesswrong.com/posts/i2dfY65JciebF3CAo/empty-labels,ok,discussion (LessWrong comments)
3-c39,3,192,Discussion: Taboo Your Words,https://www.lesswrong.com/posts/WBdvyyHLdxZSAMmoz/taboo-your-words,https://www.lesswrong.com/posts/WBdvyyHLdxZSAMmoz/taboo-your-words,ok,discussion (LessWrong comments)
3-c40,3,196,Discussion: Replace the Symbol with the Substance,https://www.lesswrong.com/posts/GKfPL6LQFgB49FEnv/replace-the-symbol-with-the-substance,https://www.lesswrong.com/posts/GKfPL6LQFgB49FEnv/replace-the-symbol-with-the-substance,ok,discussion (LessWrong comments)
3-c41,3,201,Discussion: Fallacies of Compression,https://www.lesswrong.com/posts/y5MxoeacRKKM3KQth/fallacies-of-compression,https://www.lesswrong.com/posts/y5MxoeacRKKM3KQth/fallacies-of-compression,ok,discussion (LessWrong comments)
3-c42,3,205,Discussion: Categorizing Has Consequences,https://www.lesswrong.com/posts/veN86cBhoe7mBxXLk/categorizing-has-consequences,https://www.lesswrong.com/posts/veN86cBhoe7mBxXLk/categorizing-has-consequences,ok,discussion (LessWrong comments)
3-c43,3,208,Discussion: Sneaking in Connotations,https://www.lesswrong.com/posts/yuKaWPRTxZoov4z8K/sneaking-in-connotations,https://www.lesswrong.com/posts/yuKaWPRTxZoov4z8K/sneaking-in-connotations,ok,discussion (LessWrong comments)
3-c44,3,211,"Discussion: Arguing ""By Definition""",https://www.lesswrong.com/posts/cFzC996D7Jjds3vS9/arguing-by-definition,https://www.lesswrong.com/posts/cFzC996D7Jjds3vS9/arguing-by-definition,ok,discussion (LessWrong comments)
3-c45,3,215,Discussion: Where to Draw the Boundary?,https://www.lesswrong.com/posts/d5NyJ2Lf6N22AD9PB/where-to-draw-the-boundary,https://www.lesswrong.com/posts/d5NyJ2Lf6N22AD9PB/where-to-draw-the-boundary,ok,discussion (LessWrong comments)
3-c46,3,219,"Discussion: Entropy, and Short Codes",https://www.lesswrong.com/posts/soQX8yXLbKy7cFvy8/entropy-and-short-codes,https://www.lesswrong.com/posts/soQX8yXLbKy7cFvy8/entropy-and-short-codes,ok,discussion (LessWrong comments)
3-c47,3,223,"Discussion: Mutual Information, and Density in Thingspace",https://www.lesswrong.com/posts/yLcuygFfMfrfK8KjF/mutual-information-and-density-in-thingspace,https://www.lesswrong.com/posts/yLcuygFfMfrfK8KjF/mutual-information-and-density-in-thingspace,ok,discussion (LessWrong comments)
3-c48,3,230,"Discussion: Superexponential Conceptspace, and Simple Words",https://www.lesswrong.com/posts/82eMd5KLiJ5Z6rTrr/superexponential-conceptspace-and-simple-words,https://www.lesswrong.com/posts/82eMd5KLiJ5Z6rTrr/superexponential-conceptspace-and-simple-words,ok,discussion (LessWrong comments)
3-c49,3,237,"Discussion: Conditional Independence, and Naive Bayes",https://www.lesswrong.com/posts/gDWvLicHhcMfGmwaK/conditional-independence-and-naive-bayes,https://www.lesswrong.com/posts/gDWvLicHhcMfGmwaK/conditional-independence-and-naive-bayes,ok,discussion (LessWrong comments)
3-c50,3,244,Discussion: Words as Mental Paintbrush Handles,https://www.lesswrong.com/posts/YF9HB6cWCJrDK5pBM/words-as-mental-paintbrush-handles,https://www.lesswrong.com/posts/YF9HB6cWCJrDK5pBM/words-as-mental-paintbrush-handles,ok,discussion (LessWrong comments)
3-c51,3,247,Discussion: Variable Question Fallacies,https://www.lesswrong.com/posts/shoMpaoZypfkXv84Y/variable-question-fallacies,https://www.lesswrong.com/posts/shoMpaoZypfkXv84Y/variable-question-fallacies,ok,discussion (LessWrong comments)
3-c52,3,250,Discussion: 37 Ways That Words Can Be Wrong,https://www.lesswrong.com/posts/FaJaCgqBKphrDzDSj/37-ways-that-words-can-be-wrong,https://www.lesswrong.com/posts/FaJaCgqBKphrDzDSj/37-ways-that-words-can-be-wrong,ok,discussion (LessWrong comments)
3-c53,3,259,Discussion: An Intuitive Explanation of Bayes's Theorem,https://www.lesswrong.com/posts/XTXWPQSEgoMkAupKt/an-intuitive-explanation-of-bayes-s-theorem,https://www.lesswrong.com/posts/XTXWPQSEgoMkAupKt/an-intuitive-explanation-of-bayes-s-theorem,ok,discussion (LessWrong comments)
4-1,4,2,What Is It Like to Be a Bat?,http://www.jstor.org/stable/2183914,https://www.jstor.org/stable/2183914,ok,url in text (footnote)
4-2,4,5,Everett's Relative-State Formulation of Quantum Mechanics,http://plato.stanford.edu/archives/fall2008/entries/qm-everett/,https://plato.stanford.edu/archives/fall2008/entries/qm-everett/,ok,url in text (footnote)
4-3,4,21,http://lesswrong.com/lw/mt/beautiful_probability/hnz,http://lesswrong.com/lw/mt/beautiful_probability/hnz,https://www.lesswrong.com/posts/bkSkRwo9SRYxJMiSY/beautiful-probability?commentId=MXfWCChPMQi5vya4d,redirected,url in text (footnote)
4-4,4,21,http://www.inference.phy.cam.ac.uk/mackay/itprnn/ps/457.466.pdf,http://www.inference.phy.cam.ac.uk/mackay/itprnn/ps/457.466.pdf,http://www.inference.phy.cam.ac.uk/mackay/itprnn/ps/457.466.pdf,unchecked,url in text (footnote)
4-5,4,21,"Information Theory, Inference, and Learning Algorithms",http://www.inference.phy.cam.ac.uk/mackay/itila/book.html,http://www.inference.phy.cam.ac.uk/mackay/itila/book.html,unchecked,url in text (footnote)
4-6,4,30,The Feynman Lectures on Physics,http://www.feynmanlectures.caltech.edu/I_03.html,http://www.feynmanlectures.caltech.edu/I_03.html,unchecked,url in text (footnote)
4-7,4,86,https://www.youtube.com/watch?v=Ect-kgxBb4M,https://www.youtube.com/watch?v=Ect-kgxBb4M,https://www.youtube.com/watch?v=Ect-kgxBb4M,unchecked,url in text (footnote)
4-8,4,95,http://yudkowsky.net/other/yehuda/,http://yudkowsky.net/other/yehuda/,https://www.yudkowsky.net/other/yehuda,ok,url in text (footnote)
4-9,4,107,http://web.archive.org/web/20080214014017/http://www.ranprieur.com/me/100things.html,http://web.archive.org/web/20080214014017/http://www.ranprieur.com/me/100things.html,https://web.archive.org/web/20080214014017/http://www.ranprieur.com/me/100things.html,archived,url in text (footnote)
4-10,4,111,http://www.hpmor.com/,http://www.hpmor.com/,https://hpmor.com/,ok,url in text (footnote)
4-11,4,113,http://lesswrong.com/lw/on/reductionism/irh,http://lesswrong.com/lw/on/reductionism/irh,https://www.lesswrong.com/posts/tPqQdLCuxanjhoaNs/reductionism?commentId=wSRmBhxG4tjTnkjT7,redirected,url in text (footnote)
4-12,4,148,https://en.wikipedia.org/wiki/Minimax,https://en.wikipedia.org/wiki/Minimax,https://en.wikipedia.org/wiki/Minimax,ok,url in text (footnote)
4-13,4,162,http://en.wikipedia.org/wiki/A_priori_and_a_posteriori_%28philosophy%29,http://en.wikipedia.org/wiki/A_priori_and_a_posteriori_%28philosophy%29,https://en.wikipedia.org/wiki/A_priori_and_a_posteriori_%28philosophy%29,ok,url in text (footnote)
4-14,4,171,http://plato.stanford.edu/entries/zombies/,http://plato.stanford.edu/entries/zombies/,https://plato.stanford.edu/entries/zombies/,ok,url in text (footnote)
4-15,4,172,http://www.philosophyetc.net/2008/03/arguing-with-eliezer-part-ii.html,http://www.philosophyetc.net/2008/03/arguing-with-eliezer-part-ii.html,https://www.philosophyetc.net/2008/03/arguing-with-eliezer-part-ii.html,ok,url in text (footnote)
4-16,4,184,http://www.expatsingapore.com/forum/index.php?topic=16763.msg126809,http://www.expatsingapore.com/forum/index.php?topic=16763.msg126809,https://web.archive.org/web/20141123152600/http://www.expatsingapore.com/forum/index.php?topic=16763.msg126809,archived,url in text (footnote)
4-17,4,192,http://lesswrong.com/lw/p7/zombies_zombies/j7g,http://lesswrong.com/lw/p7/zombies_zombies/j7g,https://www.lesswrong.com/posts/fdEWWr8St59bXLbQr/zombies-zombies?commentId=5YEY3LQXGzpb8apkG,redirected,url in text (footnote)
4-18,4,198,http://intelligence.org/files/TilingAgents.pdf,http://intelligence.org/files/TilingAgents.pdf,https://intelligence.org/files/TilingAgentsDraft.pdf,redirected,url in text (footnote)
4-19,4,199,http://lesswrong.com/lw/f43/proofs_implications_and_models/,http://lesswrong.com/lw/f43/proofs_implications_and_models/,https://www.lesswrong.com/posts/Z2CuyKtkCmWGQtAEh/proofs-implications-and-models,redirected,url in text (footnote)
4-20,4,212,http://www.textbookleague.org/103feyn.htm,http://www.textbookleague.org/103feyn.htm,http://www.textbookleague.org/103feyn.htm,unchecked,url in text (footnote)
4-21,4,220,https://www.symmetrymagazine.org/article/the-deconstructed-standard-model-equation,https://www.symmetrymagazine.org/article/the-deconstructed-standard-model-equation,https://www.symmetrymagazine.org/article/the-deconstructed-standard-model-equation,unchecked,url in text (footnote)
4-22,4,230,http://richardcarrier.blogspot.com/2007/01/defining-supernatural.html,http://richardcarrier.blogspot.com/2007/01/defining-supernatural.html,https://richardcarrier.blogspot.com/2007/01/defining-supernatural.html,ok,url in text (footnote)
4-23,4,236,http://lesswrong.com/lw/tv/excluding_the_supernatural/n6f,http://lesswrong.com/lw/tv/excluding_the_supernatural/n6f,https://www.lesswrong.com/posts/u6JzcFtPGiznFgDxP/excluding-the-supernatural?commentId=FpupuGhkbvSYbb925,redirected,url in text (footnote)
4-24,4,276,It is pointless to do with more what can be done with fewer,https://en.wikiquote.org/wiki/William_of_Ockham,https://en.wikiquote.org/wiki/William_of_Ockham,ok,url in text (footnote)
4-25,4,295,http://bloggingheads.tv/videos/2220,http://bloggingheads.tv/videos/2220,https://bloggingheads.tv/videos/2220,ok,url in text (footnote)
4-26,4,295,http://lesswrong.com/lw/py/the_born_probabilities/,http://lesswrong.com/lw/py/the_born_probabilities/,https://www.lesswrong.com/posts/3ZKvf9u2XEWddGZmS/the-born-probabilities,redirected,url in text (footnote)
4-27,4,336,http://lesswrong.com/lw/q4/decoherence_is_falsifiable_and_testable/jtw,http://lesswrong.com/lw/q4/decoherence_is_falsifiable_and_testable/jtw,https://www.lesswrong.com/posts/DFxoaWGEh9ndwtZhk/decoherence-is-falsifiable-and-testable?commentId=srooxhyPgcBfJpPRi,redirected,url in text (footnote)
4-28,4,356,http://lesswrong.com/lw/q5/quantum_nonrealism/juk,http://lesswrong.com/lw/q5/quantum_nonrealism/juk,https://www.lesswrong.com/posts/k3823vuarnmL5Pqin/quantum-non-realism?commentId=8nELC59tybRtCg9z8,redirected,url in text (footnote)
4-29,4,356,http://lesswrong.com/lw/q8/many_worlds_one_best_guess/jxl,http://lesswrong.com/lw/q8/many_worlds_one_best_guess/jxl,https://www.lesswrong.com/posts/S8ysHqeRGuySPttrS/many-worlds-one-best-guess?commentId=ryPG3MzzXuM5uaAzg,redirected,url in text (footnote)
4-30,4,360,http://www.overcomingbias.com/2007/03/on_majoritarian.html,http://www.overcomingbias.com/2007/03/on_majoritarian.html,https://www.overcomingbias.com/p/on_majoritarianhtml,redirected,url in text (footnote)
4-31,4,361,http://www.scottaaronson.com/blog/?p=326,http://www.scottaaronson.com/blog/?p=326,http://www.scottaaronson.com/blog/?p=326,unchecked,url in text (footnote)
4-32,4,365,http://lesswrong.com/lw/qb/science_doesnt_trust_your_rationality/k0k,http://lesswrong.com/lw/qb/science_doesnt_trust_your_rationality/k0k,https://www.lesswrong.com/posts/5bJyRMZzwMov5u3hW/science-doesn-t-trust-your-rationality?commentId=Kf2xAFKtmw7QgKqZa,redirected,url in text (footnote)
4-33,4,368,What Makes Food Fattening?: A Pavlovian Theory of Weight Control,http://media.sethroberts.net/about/whatmakesfoodfattening.pdf,http://media.sethroberts.net/about/whatmakesfoodfattening.pdf,unchecked,url in text (footnote)
4-34,4,374,http://lesswrong.com/lw/qd/science_isnt_strict_enough/k35,http://lesswrong.com/lw/qd/science_isnt_strict_enough/k35,https://www.lesswrong.com/posts/PGfJdgemDJSwWBZSX/science-isn-t-strict-enough?commentId=ZdRB8WbvXqcctoFtg,redirected,url in text (footnote)
4-35,4,375,http://lesswrong.com/lw/qd/science_isnt_strict_enough/k39,http://lesswrong.com/lw/qd/science_isnt_strict_enough/k39,https://www.lesswrong.com/posts/PGfJdgemDJSwWBZSX/science-isn-t-strict-enough?commentId=FCzfuiKAmvEGwMCHZ,redirected,url in text (footnote)
4-36,4,379,http://lesswrong.com/lw/qd/science_isnt_strict_enough/k35,http://lesswrong.com/lw/qd/science_isnt_strict_enough/k35,https://www.lesswrong.com/posts/PGfJdgemDJSwWBZSX/science-isn-t-strict-enough?commentId=ZdRB8WbvXqcctoFtg,redirected,url in text (footnote)
4-37,4,379,You and Your Research,http://www.cs.virginia.edu/~robins/YouAndYourResearch.pdf,https://www.cs.virginia.edu/~robins/YouAndYourResearch.pdf,ok,url in text (footnote)
4-38,4,393,http://lesswrong.com/lw/qm/machs_principle_antiepiphenomenal_physics/,http://lesswrong.com/lw/qm/machs_principle_antiepiphenomenal_physics/,https://www.lesswrong.com/posts/NsgcZx4BeTy5y84Ya/mach-s-principle-anti-epiphenomenal-physics,redirected,url in text (footnote)
4-39,4,396,http://lesswrong.com/lw/kj/no_one_knows_what_science_doesnt_know/,http://lesswrong.com/lw/kj/no_one_knows_what_science_doesnt_know/,https://www.lesswrong.com/posts/vNBxmcHpnozjrJnJP/no-one-knows-what-science-doesn-t-know,redirected,url in text (footnote)
4-40,4,412,https://en.wikipedia.org/wiki/List_of_spacecraft_in_the_Culture_series,https://en.wikipedia.org/wiki/List_of_spacecraft_in_the_Culture_series,https://en.wikipedia.org/wiki/List_of_spacecraft_in_the_Culture_series,unchecked,url in text (footnote)
4-41,4,417,http://math.ucr.edu/home/baez/crackpot.html,http://math.ucr.edu/home/baez/crackpot.html,https://math.ucr.edu/home/baez/crackpot.html,ok,url in text (footnote)
4-42,4,446,The Imagination Engine ; or Imagitron ,http://www.imagination-engines.com/ie.htm,https://web.archive.org/web/20141002021528/http://www.imagination-engines.com:80/ie.htm,archived,url in text (footnote)
4-43,4,453,Frequently Asked Questions about Creationism and Evolution,http://www.talkorigins.org/origins/faqs-qa.html,https://talkorigins.org/origins/faqs-qa.html,ok,url in text (footnote)
4-44,4,455,Lord Kelvin Quotations,http://zapatopi.net/kelvin/quotes/,https://zapatopi.net/kelvin/quotes/,ok,url in text (footnote)
4-45,4,458,"On the Origin of Species by Means of Natural Selection; or, The Preservation of Favoured Races in the Struggle for Life",http://darwin-online.org.uk/content/frameset?viewtype=text&itemID=F373&pageseq=1,https://darwin-online.org.uk/content/frameset?viewtype=text&itemID=F373&pageseq=1,ok,url in text (footnote)
4-46,4,458,"The Descent of Man, and Selection in Relation to Sex",http://darwin-online.org.uk/content/frameset?itemID=F944&viewtype=text&pageseq=1,https://darwin-online.org.uk/content/frameset?itemID=F944&viewtype=text&pageseq=1,ok,url in text (footnote)
4-47,4,463,Reflections On Relativity,http://www.mathpages.com/rr/rrtoc.htm,https://www.mathpages.com/rr/rrtoc.htm,ok,url in text (footnote)
4-48,4,465,Karl Popper,http://plato.stanford.edu/archives/win2002/entries/popper/,https://plato.stanford.edu/archives/win2002/entries/popper/,ok,url in text (footnote)
4-49,4,467,The Crackpot Index,http://math.ucr.edu/home/baez/crackpot.html,https://math.ucr.edu/home/baez/crackpot.html,ok,url in text (footnote)
4-50,4,479,http://math.ucr.edu/home/baez/crackpot.html,http://math.ucr.edu/home/baez/crackpot.html,https://math.ucr.edu/home/baez/crackpot.html,ok,url in text (bibliography)
4-51,4,479,http://plato.stanford.edu/archives/fall2008/entries/qm-everett/,http://plato.stanford.edu/archives/fall2008/entries/qm-everett/,https://plato.stanford.edu/archives/fall2008/entries/qm-everett/,ok,url in text (bibliography)
4-52,4,479,http://www.mathpages.com/rr/rrtoc.htm,http://www.mathpages.com/rr/rrtoc.htm,https://www.mathpages.com/rr/rrtoc.htm,ok,url in text (bibliography)
4-53,4,480,http://darwin-online.org.uk/content/frameset?viewtype=text&itemID=F373&pageseq=1,http://darwin-online.org.uk/content/frameset?viewtype=text&itemID=F373&pageseq=1,https://darwin-online.org.uk/content/frameset?viewtype=text&itemID=F373&pageseq=1,ok,url in text (bibliography)
4-54,4,480,http://darwin-online.org.uk/content/frameset?itemID=F944&viewtype=text&pageseq=1,http://darwin-online.org.uk/content/frameset?itemID=F944&viewtype=text&pageseq=1,https://darwin-online.org.uk/content/frameset?itemID=F944&viewtype=text&pageseq=1,ok,url in text (bibliography)
4-55,4,481,http://www.imagination-engines.com/ie.htm,http://www.imagination-engines.com/ie.htm,https://web.archive.org/web/20141002021528/http://www.imagination-engines.com:80/ie.htm,archived,url in text (bibliography)
4-56,4,482,http://www.jstor.org/stable/2183914,http://www.jstor.org/stable/2183914,https://www.jstor.org/stable/2183914,ok,url in text (bibliography)
4-57,4,482,http://media.sethroberts.net/about/whatmakesfoodfattening.pdf,http://media.sethroberts.net/about/whatmakesfoodfattening.pdf,http://media.sethroberts.net/about/whatmakesfoodfattening.pdf,unchecked,url in text (bibliography)
4-58,4,482,http://www.talkorigins.org/origins/faqs-qa.html,http://www.talkorigins.org/origins/faqs-qa.html,https://talkorigins.org/origins/faqs-qa.html,ok,url in text (bibliography)
4-59,4,482,http://plato.stanford.edu/archives/win2002/entries/popper/,http://plato.stanford.edu/archives/win2002/entries/popper/,https://plato.stanford.edu/archives/win2002/entries/popper/,ok,url in text (bibliography)
4-60,4,483,http://zapatopi.net/kelvin/quotes/,http://zapatopi.net/kelvin/quotes/,https://zapatopi.net/kelvin/quotes/,ok,url in text (bibliography)
4-c1,4,1,Discussion: The World: An Introduction,https://www.lesswrong.com/posts/ujoJSat3ypzp3tmpj/the-world-an-introduction,https://www.lesswrong.com/posts/ujoJSat3ypzp3tmpj/the-world-an-introduction,ok,discussion (LessWrong comments)
4-c2,4,9,Discussion: Universal Fire,https://www.lesswrong.com/posts/LaM5aTcXvXzwQSC2Q/universal-fire,https://www.lesswrong.com/posts/LaM5aTcXvXzwQSC2Q/universal-fire,ok,discussion (LessWrong comments)
4-c3,4,12,Discussion: Universal Law,https://www.lesswrong.com/posts/7iTwGquBFZKttpEdE/universal-law,https://www.lesswrong.com/posts/7iTwGquBFZKttpEdE/universal-law,ok,discussion (LessWrong comments)
4-c4,4,15,Discussion: Is Reality Ugly?,https://www.lesswrong.com/posts/oKiy7YwGToaYXdvnj/is-reality-ugly,https://www.lesswrong.com/posts/oKiy7YwGToaYXdvnj/is-reality-ugly,ok,discussion (LessWrong comments)
4-c5,4,20,Discussion: Beautiful Probability,https://www.lesswrong.com/posts/bkSkRwo9SRYxJMiSY/beautiful-probability,https://www.lesswrong.com/posts/bkSkRwo9SRYxJMiSY/beautiful-probability,ok,discussion (LessWrong comments)
4-c6,4,26,Discussion: Outside the Laboratory,https://www.lesswrong.com/posts/N2pENnTPB75sfc9kb/outside-the-laboratory,https://www.lesswrong.com/posts/N2pENnTPB75sfc9kb/outside-the-laboratory,ok,discussion (LessWrong comments)
4-c7,4,32,"Discussion: The Second Law of Thermodynamics, and Engines of Cognition",https://www.lesswrong.com/posts/QkX2bAkwG2EpGvNug/the-second-law-of-thermodynamics-and-engines-of-cognition,https://www.lesswrong.com/posts/QkX2bAkwG2EpGvNug/the-second-law-of-thermodynamics-and-engines-of-cognition,ok,discussion (LessWrong comments)
4-c8,4,41,Discussion: Perpetual Motion Beliefs,https://www.lesswrong.com/posts/zFuCxbY9E2E8HTbfZ/perpetual-motion-beliefs,https://www.lesswrong.com/posts/zFuCxbY9E2E8HTbfZ/perpetual-motion-beliefs,ok,discussion (LessWrong comments)
4-c9,4,45,Discussion: Searching for Bayes-Structure,https://www.lesswrong.com/posts/QrhAeKBkm2WsdRYao/searching-for-bayes-structure,https://www.lesswrong.com/posts/QrhAeKBkm2WsdRYao/searching-for-bayes-structure,ok,discussion (LessWrong comments)
4-c10,4,53,Discussion: Dissolving the Question,https://www.lesswrong.com/posts/Mc6QcrsbH5NRXbCRX/dissolving-the-question,https://www.lesswrong.com/posts/Mc6QcrsbH5NRXbCRX/dissolving-the-question,ok,discussion (LessWrong comments)
4-c11,4,58,Discussion: Wrong Questions,https://www.lesswrong.com/posts/XzrqkhfwtiSDgKoAF/wrong-questions,https://www.lesswrong.com/posts/XzrqkhfwtiSDgKoAF/wrong-questions,ok,discussion (LessWrong comments)
4-c12,4,60,Discussion: Righting a Wrong Question,https://www.lesswrong.com/posts/rQEwySCcLtdKHkrHp/righting-a-wrong-question,https://www.lesswrong.com/posts/rQEwySCcLtdKHkrHp/righting-a-wrong-question,ok,discussion (LessWrong comments)
4-c13,4,64,Discussion: Mind Projection Fallacy,https://www.lesswrong.com/posts/ZTRiSNmeGQK8AkdN2/mind-projection-fallacy,https://www.lesswrong.com/posts/ZTRiSNmeGQK8AkdN2/mind-projection-fallacy,ok,discussion (LessWrong comments)
4-c14,4,66,Discussion: Probability is in the Mind,https://www.lesswrong.com/posts/f6ZLxEWaankRZ2Crv/probability-is-in-the-mind,https://www.lesswrong.com/posts/f6ZLxEWaankRZ2Crv/probability-is-in-the-mind,ok,discussion (LessWrong comments)
4-c15,4,71,Discussion: The Quotation is not the Referent,https://www.lesswrong.com/posts/np3tP49caG4uFLRbS/the-quotation-is-not-the-referent,https://www.lesswrong.com/posts/np3tP49caG4uFLRbS/the-quotation-is-not-the-referent,ok,discussion (LessWrong comments)
4-c16,4,74,Discussion: Qualitatively Confused,https://www.lesswrong.com/posts/BwtBhqvTPGG2n2GuJ/qualitatively-confused,https://www.lesswrong.com/posts/BwtBhqvTPGG2n2GuJ/qualitatively-confused,ok,discussion (LessWrong comments)
4-c17,4,78,Discussion: Think Like Reality,https://www.lesswrong.com/posts/tWLFWAndSZSYN6rPB/think-like-reality,https://www.lesswrong.com/posts/tWLFWAndSZSYN6rPB/think-like-reality,ok,discussion (LessWrong comments)
4-c18,4,80,Discussion: Chaotic Inversion,https://www.lesswrong.com/posts/NyFtHycJvkyNjXNsP/chaotic-inversion,https://www.lesswrong.com/posts/NyFtHycJvkyNjXNsP/chaotic-inversion,ok,discussion (LessWrong comments)
4-c19,4,82,Discussion: Reductionism,https://www.lesswrong.com/posts/tPqQdLCuxanjhoaNs/reductionism,https://www.lesswrong.com/posts/tPqQdLCuxanjhoaNs/reductionism,ok,discussion (LessWrong comments)
4-c20,4,86,Discussion: Explaining vs. Explaining Away,https://www.lesswrong.com/posts/cphoF8naigLhRf3tu/explaining-vs-explaining-away,https://www.lesswrong.com/posts/cphoF8naigLhRf3tu/explaining-vs-explaining-away,ok,discussion (LessWrong comments)
4-c21,4,90,Discussion: Fake Reductionism,https://www.lesswrong.com/posts/mTf8MkpAigm3HP6x2/fake-reductionism,https://www.lesswrong.com/posts/mTf8MkpAigm3HP6x2/fake-reductionism,ok,discussion (LessWrong comments)
4-c22,4,93,Discussion: Savanna Poets,https://www.lesswrong.com/posts/kQzs8MFbBxdYhe3hK/savanna-poets,https://www.lesswrong.com/posts/kQzs8MFbBxdYhe3hK/savanna-poets,ok,discussion (LessWrong comments)
4-c23,4,101,Discussion: Joy in the Merely Real,https://www.lesswrong.com/posts/x4dG4GhpZH2hgz59x/joy-in-the-merely-real,https://www.lesswrong.com/posts/x4dG4GhpZH2hgz59x/joy-in-the-merely-real,ok,discussion (LessWrong comments)
4-c24,4,103,Discussion: Joy in Discovery,https://www.lesswrong.com/posts/KfMNFB3G7XNviHBPN/joy-in-discovery,https://www.lesswrong.com/posts/KfMNFB3G7XNviHBPN/joy-in-discovery,ok,discussion (LessWrong comments)
4-c25,4,108,Discussion: Bind Yourself to Reality,https://www.lesswrong.com/posts/WjpA4PCjt5EkTGbLF/bind-yourself-to-reality,https://www.lesswrong.com/posts/WjpA4PCjt5EkTGbLF/bind-yourself-to-reality,ok,discussion (LessWrong comments)
4-c26,4,111,"Discussion: If You Demand Magic, Magic Won't Help",https://www.lesswrong.com/posts/iiWiHgtQekWNnmE6Q/if-you-demand-magic-magic-won-t-help,https://www.lesswrong.com/posts/iiWiHgtQekWNnmE6Q/if-you-demand-magic-magic-won-t-help,ok,discussion (LessWrong comments)
4-c27,4,115,Discussion: Mundane Magic,https://www.lesswrong.com/posts/SXK87NgEPszhWkvQm/mundane-magic,https://www.lesswrong.com/posts/SXK87NgEPszhWkvQm/mundane-magic,ok,discussion (LessWrong comments)
4-c28,4,119,Discussion: The Beauty of Settled Science,https://www.lesswrong.com/posts/ndGYn7ZFiZyernp9f/the-beauty-of-settled-science,https://www.lesswrong.com/posts/ndGYn7ZFiZyernp9f/the-beauty-of-settled-science,ok,discussion (LessWrong comments)
4-c29,4,121,Discussion: Amazing Breakthrough Day: April 1st,https://www.lesswrong.com/posts/hYqDp4qAucZM33qSh/amazing-breakthrough-day-april-1st,https://www.lesswrong.com/posts/hYqDp4qAucZM33qSh/amazing-breakthrough-day-april-1st,ok,discussion (LessWrong comments)
4-c30,4,123,Discussion: Is Humanism A Religion-Substitute?,https://www.lesswrong.com/posts/PMr6f7ZocEWFtCYXj/is-humanism-a-religion-substitute,https://www.lesswrong.com/posts/PMr6f7ZocEWFtCYXj/is-humanism-a-religion-substitute,ok,discussion (LessWrong comments)
4-c31,4,126,Discussion: Scarcity,https://www.lesswrong.com/posts/MCYp8g9EMAiTCTawk/scarcity,https://www.lesswrong.com/posts/MCYp8g9EMAiTCTawk/scarcity,ok,discussion (LessWrong comments)
4-c32,4,129,Discussion: The Sacred Mundane,https://www.lesswrong.com/posts/Fwt4sDDacko8Sh5iR/the-sacred-mundane,https://www.lesswrong.com/posts/Fwt4sDDacko8Sh5iR/the-sacred-mundane,ok,discussion (LessWrong comments)
4-c33,4,133,"Discussion: To Spread Science, Keep It Secret",https://www.lesswrong.com/posts/3diLhMELXxM8rFHJj/to-spread-science-keep-it-secret,https://www.lesswrong.com/posts/3diLhMELXxM8rFHJj/to-spread-science-keep-it-secret,ok,discussion (LessWrong comments)
4-c34,4,137,Discussion: Initiation Ceremony,https://www.lesswrong.com/posts/fnEWQAYxcRnaYBqaZ/initiation-ceremony,https://www.lesswrong.com/posts/fnEWQAYxcRnaYBqaZ/initiation-ceremony,ok,discussion (LessWrong comments)
4-c35,4,143,Discussion: Hand vs. Fingers,https://www.lesswrong.com/posts/KmghfjH6RgXvoKruJ/hand-vs-fingers,https://www.lesswrong.com/posts/KmghfjH6RgXvoKruJ/hand-vs-fingers,ok,discussion (LessWrong comments)
4-c36,4,146,Discussion: Angry Atoms,https://www.lesswrong.com/posts/ddwk9veF8efn3Nzbu/angry-atoms,https://www.lesswrong.com/posts/ddwk9veF8efn3Nzbu/angry-atoms,ok,discussion (LessWrong comments)
4-c37,4,151,Discussion: Heat vs. Motion,https://www.lesswrong.com/posts/ne6Ra62FB9ACHGSuh/heat-vs-motion,https://www.lesswrong.com/posts/ne6Ra62FB9ACHGSuh/heat-vs-motion,ok,discussion (LessWrong comments)
4-c38,4,156,Discussion: Brain Breakthrough! It's Made of Neurons!,https://www.lesswrong.com/posts/nzzNFcrSk7akQ9bwD/brain-breakthrough-it-s-made-of-neurons,https://www.lesswrong.com/posts/nzzNFcrSk7akQ9bwD/brain-breakthrough-it-s-made-of-neurons,ok,discussion (LessWrong comments)
4-c39,4,158,Discussion: When Anthropomorphism Became Stupid,https://www.lesswrong.com/posts/f4RJtHBPvDRJcCTva/when-anthropomorphism-became-stupid,https://www.lesswrong.com/posts/f4RJtHBPvDRJcCTva/when-anthropomorphism-became-stupid,ok,discussion (LessWrong comments)
4-c40,4,161,Discussion: A Priori,https://www.lesswrong.com/posts/qmqLxvtsPzZ2s6mpY/a-priori,https://www.lesswrong.com/posts/qmqLxvtsPzZ2s6mpY/a-priori,ok,discussion (LessWrong comments)
4-c41,4,165,Discussion: Reductive Reference,https://www.lesswrong.com/posts/gRa5cWWBsZqdFvmqu/reductive-reference,https://www.lesswrong.com/posts/gRa5cWWBsZqdFvmqu/reductive-reference,ok,discussion (LessWrong comments)
4-c42,4,171,Discussion: Zombies! Zombies?,https://www.lesswrong.com/posts/fdEWWr8St59bXLbQr/zombies-zombies,https://www.lesswrong.com/posts/fdEWWr8St59bXLbQr/zombies-zombies,ok,discussion (LessWrong comments)
4-c43,4,192,Discussion: Zombie Responses,https://www.lesswrong.com/posts/4moMTeCy9EqYxAher/zombie-responses,https://www.lesswrong.com/posts/4moMTeCy9EqYxAher/zombie-responses,ok,discussion (LessWrong comments)
4-c44,4,200,Discussion: The Generalized Anti-Zombie Principle,https://www.lesswrong.com/posts/kYAuNJX2ecH2uFqZ9/the-generalized-anti-zombie-principle,https://www.lesswrong.com/posts/kYAuNJX2ecH2uFqZ9/the-generalized-anti-zombie-principle,ok,discussion (LessWrong comments)
4-c45,4,210,Discussion: GAZP vs. GLUT,https://www.lesswrong.com/posts/k6EPphHiBH4WWYFCj/gazp-vs-glut,https://www.lesswrong.com/posts/k6EPphHiBH4WWYFCj/gazp-vs-glut,ok,discussion (LessWrong comments)
4-c46,4,218,Discussion: Belief in the Implied Invisible,https://www.lesswrong.com/posts/3XMwPNMSbaPm2suGz/belief-in-the-implied-invisible,https://www.lesswrong.com/posts/3XMwPNMSbaPm2suGz/belief-in-the-implied-invisible,ok,discussion (LessWrong comments)
4-c47,4,224,Discussion: Zombies: The Movie,https://www.lesswrong.com/posts/fsDz6HieZJBu54Yes/zombies-the-movie,https://www.lesswrong.com/posts/fsDz6HieZJBu54Yes/zombies-the-movie,ok,discussion (LessWrong comments)
4-c48,4,229,Discussion: Excluding the Supernatural,https://www.lesswrong.com/posts/u6JzcFtPGiznFgDxP/excluding-the-supernatural,https://www.lesswrong.com/posts/u6JzcFtPGiznFgDxP/excluding-the-supernatural,ok,discussion (LessWrong comments)
4-c49,4,236,Discussion: Psychic Powers,https://www.lesswrong.com/posts/7Au7kvRAPREm3ADcK/psychic-powers,https://www.lesswrong.com/posts/7Au7kvRAPREm3ADcK/psychic-powers,ok,discussion (LessWrong comments)
4-c50,4,243,Discussion: Quantum Explanations,https://www.lesswrong.com/posts/7FSwbFpDsca7uXpQ2/quantum-explanations,https://www.lesswrong.com/posts/7FSwbFpDsca7uXpQ2/quantum-explanations,ok,discussion (LessWrong comments)
4-c51,4,249,Discussion: Configurations and Amplitude,https://www.lesswrong.com/posts/5vZD32EynD9n94dhr/configurations-and-amplitude,https://www.lesswrong.com/posts/5vZD32EynD9n94dhr/configurations-and-amplitude,ok,discussion (LessWrong comments)
4-c52,4,259,Discussion: Joint Configurations,https://www.lesswrong.com/posts/ybusFwDqiZgQa6NCq/joint-configurations,https://www.lesswrong.com/posts/ybusFwDqiZgQa6NCq/joint-configurations,ok,discussion (LessWrong comments)
4-c53,4,264,Discussion: Distinct Configurations,https://www.lesswrong.com/posts/KbeHkLNY5ETJ3TN3W/distinct-configurations,https://www.lesswrong.com/posts/KbeHkLNY5ETJ3TN3W/distinct-configurations,ok,discussion (LessWrong comments)
4-c54,4,271,Discussion: Collapse Postulates,https://www.lesswrong.com/posts/xsZnufn3cQw7tJeQ3/collapse-postulates,https://www.lesswrong.com/posts/xsZnufn3cQw7tJeQ3/collapse-postulates,ok,discussion (LessWrong comments)
4-c55,4,275,Discussion: Decoherence is Simple,https://www.lesswrong.com/posts/Atu4teGvob5vKvEAF/decoherence-is-simple,https://www.lesswrong.com/posts/Atu4teGvob5vKvEAF/decoherence-is-simple,ok,discussion (LessWrong comments)
4-c56,4,285,Discussion: Decoherence is Falsifiable and Testable,https://www.lesswrong.com/posts/DFxoaWGEh9ndwtZhk/decoherence-is-falsifiable-and-testable,https://www.lesswrong.com/posts/DFxoaWGEh9ndwtZhk/decoherence-is-falsifiable-and-testable,ok,discussion (LessWrong comments)
4-c57,4,294,Discussion: Privileging the Hypothesis,https://www.lesswrong.com/posts/X2AD2LgtKgkRNPj2a/privileging-the-hypothesis,https://www.lesswrong.com/posts/X2AD2LgtKgkRNPj2a/privileging-the-hypothesis,ok,discussion (LessWrong comments)
4-c58,4,299,Discussion: Living in Many Worlds,https://www.lesswrong.com/posts/qcYCAxYZT4Xp9iMZY/living-in-many-worlds,https://www.lesswrong.com/posts/qcYCAxYZT4Xp9iMZY/living-in-many-worlds,ok,discussion (LessWrong comments)
4-c59,4,304,Discussion: Quantum Non-Realism,https://www.lesswrong.com/posts/k3823vuarnmL5Pqin/quantum-non-realism,https://www.lesswrong.com/posts/k3823vuarnmL5Pqin/quantum-non-realism,ok,discussion (LessWrong comments)
4-c60,4,313,Discussion: If Many-Worlds Had Come First,https://www.lesswrong.com/posts/WqGCaRhib42dhKWRL/if-many-worlds-had-come-first,https://www.lesswrong.com/posts/WqGCaRhib42dhKWRL/if-many-worlds-had-come-first,ok,discussion (LessWrong comments)
4-c61,4,322,Discussion: Where Philosophy Meets Science,https://www.lesswrong.com/posts/Bh9cdfMjATrTdLrGH/where-philosophy-meets-science,https://www.lesswrong.com/posts/Bh9cdfMjATrTdLrGH/where-philosophy-meets-science,ok,discussion (LessWrong comments)
4-c62,4,327,Discussion: Thou Art Physics,https://www.lesswrong.com/posts/NEeW7eSXThPz7o4Ne/thou-art-physics,https://www.lesswrong.com/posts/NEeW7eSXThPz7o4Ne/thou-art-physics,ok,discussion (LessWrong comments)
4-c63,4,332,"Discussion: Many Worlds, One Best Guess",https://www.lesswrong.com/posts/S8ysHqeRGuySPttrS/many-worlds-one-best-guess,https://www.lesswrong.com/posts/S8ysHqeRGuySPttrS/many-worlds-one-best-guess,ok,discussion (LessWrong comments)
4-c64,4,347,Discussion: The Failures of Eld Science,https://www.lesswrong.com/posts/ZxR8P8hBFQ9kC8wMy/the-failures-of-eld-science,https://www.lesswrong.com/posts/ZxR8P8hBFQ9kC8wMy/the-failures-of-eld-science,ok,discussion (LessWrong comments)
4-c65,4,356,Discussion: The Dilemma: Science or Bayes?,https://www.lesswrong.com/posts/viPPjojmChxLGPE2v/the-dilemma-science-or-bayes,https://www.lesswrong.com/posts/viPPjojmChxLGPE2v/the-dilemma-science-or-bayes,ok,discussion (LessWrong comments)
4-c66,4,361,Discussion: Science Doesn't Trust Your Rationality,https://www.lesswrong.com/posts/5bJyRMZzwMov5u3hW/science-doesn-t-trust-your-rationality,https://www.lesswrong.com/posts/5bJyRMZzwMov5u3hW/science-doesn-t-trust-your-rationality,ok,discussion (LessWrong comments)
4-c67,4,365,Discussion: When Science Can't Help,https://www.lesswrong.com/posts/wzxneh7wxkdNYNbtB/when-science-can-t-help,https://www.lesswrong.com/posts/wzxneh7wxkdNYNbtB/when-science-can-t-help,ok,discussion (LessWrong comments)
4-c68,4,370,Discussion: Science Isn't Strict Enough,https://www.lesswrong.com/posts/PGfJdgemDJSwWBZSX/science-isn-t-strict-enough,https://www.lesswrong.com/posts/PGfJdgemDJSwWBZSX/science-isn-t-strict-enough,ok,discussion (LessWrong comments)
4-c69,4,375,Discussion: Do Scientists Already Know This Stuff?,https://www.lesswrong.com/posts/WijMw9WkcafmCFgj4/do-scientists-already-know-this-stuff,https://www.lesswrong.com/posts/WijMw9WkcafmCFgj4/do-scientists-already-know-this-stuff,ok,discussion (LessWrong comments)
4-c70,4,381,"Discussion: No Safe Defense, Not Even Science",https://www.lesswrong.com/posts/wustx45CPL5rZenuo/no-safe-defense-not-even-science,https://www.lesswrong.com/posts/wustx45CPL5rZenuo/no-safe-defense-not-even-science,ok,discussion (LessWrong comments)
4-c71,4,387,Discussion: Changing the Definition of Science,https://www.lesswrong.com/posts/SoDsr8GEZmRKMZNkj/changing-the-definition-of-science,https://www.lesswrong.com/posts/SoDsr8GEZmRKMZNkj/changing-the-definition-of-science,ok,discussion (LessWrong comments)
4-c72,4,389,Discussion: Faster Than Science,https://www.lesswrong.com/posts/xTyuQ3cgsPjifr7oj/faster-than-science,https://www.lesswrong.com/posts/xTyuQ3cgsPjifr7oj/faster-than-science,ok,discussion (LessWrong comments)
4-c73,4,393,Discussion: Einstein's Speed,https://www.lesswrong.com/posts/mpaqTWGiLT7GA3w76/einstein-s-speed,https://www.lesswrong.com/posts/mpaqTWGiLT7GA3w76/einstein-s-speed,ok,discussion (LessWrong comments)
4-c74,4,401,Discussion: That Alien Message,https://www.lesswrong.com/posts/5wMcKNAwB6X4mp9og/that-alien-message,https://www.lesswrong.com/posts/5wMcKNAwB6X4mp9og/that-alien-message,ok,discussion (LessWrong comments)
4-c75,4,410,Discussion: My Childhood Role Model,https://www.lesswrong.com/posts/3Jpchgy53D2gB5qdk/my-childhood-role-model,https://www.lesswrong.com/posts/3Jpchgy53D2gB5qdk/my-childhood-role-model,ok,discussion (LessWrong comments)
4-c76,4,416,Discussion: Einstein's Superpowers,https://www.lesswrong.com/posts/5o4EZJyqmHY4XgRCY/einstein-s-superpowers,https://www.lesswrong.com/posts/5o4EZJyqmHY4XgRCY/einstein-s-superpowers,ok,discussion (LessWrong comments)
4-c77,4,422,Discussion: Class Project,https://www.lesswrong.com/posts/xAXrEpF5FYjwqKMfZ/class-project,https://www.lesswrong.com/posts/xAXrEpF5FYjwqKMfZ/class-project,ok,discussion (LessWrong comments)
4-c78,4,427,Discussion: A Technical Explanation of Technical Explanation,https://www.lesswrong.com/posts/afmj8TKAqH6F2QMfZ/a-technical-explanation-of-technical-explanation,https://www.lesswrong.com/posts/afmj8TKAqH6F2QMfZ/a-technical-explanation-of-technical-explanation,ok,discussion (LessWrong comments)
5-1,5,3,A History of Transhumanist Thought,http://www.nickbostrom.com/papers/history.pdf,https://nickbostrom.com/papers/a-history-of-transhumanist-thought/,redirected,url in text (footnote)
5-2,5,28,http://mind.sourceforge.net/diagrams.html,http://mind.sourceforge.net/diagrams.html,http://mind.sourceforge.net/diagrams.html,unchecked,url in text (footnote)
5-3,5,32,http://www.hutter1.net/ai/,http://www.hutter1.net/ai/,https://www.hutter1.net/ai/,ok,url in text (footnote)
5-4,5,32,http://wiki.lesswrong.com/wiki/AIXI,http://wiki.lesswrong.com/wiki/AIXI,https://www.lesswrong.com/w/aixi,redirected,url in text (footnote)
5-5,5,55,http://www.ditext.com/carroll/tortoise.html,http://www.ditext.com/carroll/tortoise.html,https://www.ditext.com/carroll/tortoise.html,ok,url in text (footnote)
5-6,5,78,http://lesswrong.com/lw/sm/the_meaning_of_right/toz,http://lesswrong.com/lw/sm/the_meaning_of_right/toz,https://www.lesswrong.com/posts/fG3g3764tSubr6xvs/the-meaning-of-right?commentId=QpskFjAR9qxcD8Pzr,redirected,url in text (footnote)
5-7,5,82,Super-Intelligent Machines,http://www.siggraph.org/publications/newsletter/issues/v35/v35n1.pdf,https://web.archive.org/web/20161024182004/http://www.siggraph.org/publications/newsletter/issues/v35/v35n1.pdf,archived,url in text (footnote)
5-8,5,88,http://lesswrong.com/lw/tc/unnatural_categories/,http://lesswrong.com/lw/tc/unnatural_categories/,https://www.lesswrong.com/posts/XeHYXXTGRuDrhk5XL/unnatural-categories,redirected,url in text (footnote)
5-9,5,90,http://www.ssec.wisc.edu/~billh/g/AIRisk_Reply.html,http://www.ssec.wisc.edu/~billh/g/AIRisk_Reply.html,https://www.ssec.wisc.edu/~billh/g/AIRisk_Reply.html,ok,url in text (footnote)
5-10,5,95,Timeless Decision Theory,http://intelligence.org/files/TDT.pdf,https://intelligence.org/files/TDT.pdf,ok,url in text (footnote)
5-11,5,100,http://lesswrong.com/lw/xr/in_praise_of_boredom/,http://lesswrong.com/lw/xr/in_praise_of_boredom/,https://www.lesswrong.com/posts/WMDy4GxbyYkNrbmrs/in-praise-of-boredom,redirected,url in text (footnote)
5-12,5,111,The Hedonistic Imperative,http://www.hedweb.com/,https://www.hedweb.com/,ok,url in text (footnote)
5-13,5,131,Comments by Professor Daniel Kahneman,http://yosemite.epa.gov/ee/epa/eerm.nsf/vwAN/EE-0280B-04.pdf,http://yosemite.epa.gov/ee/epa/eerm.nsf/vwAN/EE-0280B-04.pdf,unchecked,url in text (footnote)
5-14,5,154,Numbed by Numbers,http://foreignpolicy.com/2007/03/13/numbed-by-numbers/,https://foreignpolicy.com/2007/03/13/numbed-by-numbers/,ok,url in text (footnote)
5-15,5,163,http://lesswrong.com/lw/rr/the_moral_void/,http://lesswrong.com/lw/rr/the_moral_void/,https://www.lesswrong.com/posts/K9JSM7d7bLJguMxEp/the-moral-void,redirected,url in text (footnote)
5-16,5,179,http://www.global-catastrophic-risks.com/abstracts/ab_hillerbrand_ord_sandberg.html,http://www.global-catastrophic-risks.com/abstracts/ab_hillerbrand_ord_sandberg.html,https://global-catastrophic-risks.com/abstracts/ab_hillerbrand_ord_sandberg,redirected,url in text (footnote)
5-17,5,191,Functional Decision Theory: A New Theory of Instrumental Rationality,https://arxiv.org/abs/1710.05060,https://arxiv.org/abs/1710.05060,ok,url in text (footnote)
5-18,5,192,Toward Idealized Decision Theory,http://intelligence.org/files/TowardIdealizedDecisionTheory.pdf,http://intelligence.org/files/TowardIdealizedDecisionTheory.pdf,unchecked,url in text (footnote)
5-19,5,199,http://www.nickbostrom.com/papers/history.pdf,http://www.nickbostrom.com/papers/history.pdf,https://nickbostrom.com/papers/a-history-of-transhumanist-thought/,redirected,url in text (bibliography)
5-20,5,200,http://www.siggraph.org/publications/newsletter/issues/v35/v35n1.pdf,http://www.siggraph.org/publications/newsletter/issues/v35/v35n1.pdf,https://web.archive.org/web/20161024182004/http://www.siggraph.org/publications/newsletter/issues/v35/v35n1.pdf,archived,url in text (bibliography)
5-21,5,200,http://yosemite.epa.gov/ee/epa/eerm.nsf/vwAN/EE-0280B-04.pdf,http://yosemite.epa.gov/ee/epa/eerm.nsf/vwAN/EE-0280B-04.pdf,http://yosemite.epa.gov/ee/epa/eerm.nsf/vwAN/EE-0280B-04.pdf,unchecked,url in text (bibliography)
5-22,5,201,http://www.hedweb.com/,http://www.hedweb.com/,https://www.hedweb.com/,ok,url in text (bibliography)
5-23,5,202,http://foreignpolicy.com/2007/03/13/numbed-by-numbers/,http://foreignpolicy.com/2007/03/13/numbed-by-numbers/,https://foreignpolicy.com/2007/03/13/numbed-by-numbers/,ok,url in text (bibliography)
5-24,5,202,http://intelligence.org/files/TowardIdealizedDecisionTheory.pdf,http://intelligence.org/files/TowardIdealizedDecisionTheory.pdf,http://intelligence.org/files/TowardIdealizedDecisionTheory.pdf,unchecked,url in text (bibliography)
5-25,5,202,http://intelligence.org/files/TDT.pdf,http://intelligence.org/files/TDT.pdf,https://intelligence.org/files/TDT.pdf,ok,url in text (bibliography)
5-c1,5,1,Discussion: Ends: An Introduction,https://www.lesswrong.com/posts/KfEyHB6WXFW6q2D5S/ends-an-introduction,https://www.lesswrong.com/posts/KfEyHB6WXFW6q2D5S/ends-an-introduction,ok,discussion (LessWrong comments)
5-c2,5,7,Discussion: Not for the Sake of Happiness (Alone),https://www.lesswrong.com/posts/synsRtBKDeAFuo7e3/not-for-the-sake-of-happiness-alone,https://www.lesswrong.com/posts/synsRtBKDeAFuo7e3/not-for-the-sake-of-happiness-alone,ok,discussion (LessWrong comments)
5-c3,5,10,Discussion: Fake Selfishness,https://www.lesswrong.com/posts/Masoq4NdmmGSiq2xw/fake-selfishness,https://www.lesswrong.com/posts/Masoq4NdmmGSiq2xw/fake-selfishness,ok,discussion (LessWrong comments)
5-c4,5,12,Discussion: Fake Morality,https://www.lesswrong.com/posts/fATPBv4pnHC33EmJ2/fake-morality,https://www.lesswrong.com/posts/fATPBv4pnHC33EmJ2/fake-morality,ok,discussion (LessWrong comments)
5-c5,5,15,Discussion: Fake Utility Functions,https://www.lesswrong.com/posts/NnohDYHNnKDtbiMyp/fake-utility-functions,https://www.lesswrong.com/posts/NnohDYHNnKDtbiMyp/fake-utility-functions,ok,discussion (LessWrong comments)
5-c6,5,19,Discussion: Detached Lever Fallacy,https://www.lesswrong.com/posts/zY4pic7cwQpa9dnyk/detached-lever-fallacy,https://www.lesswrong.com/posts/zY4pic7cwQpa9dnyk/detached-lever-fallacy,ok,discussion (LessWrong comments)
5-c7,5,25,Discussion: Dreams of AI Design,https://www.lesswrong.com/posts/p7ftQ6acRkgo6hqHb/dreams-of-ai-design,https://www.lesswrong.com/posts/p7ftQ6acRkgo6hqHb/dreams-of-ai-design,ok,discussion (LessWrong comments)
5-c8,5,30,Discussion: The Design Space of Minds-In-General,https://www.lesswrong.com/posts/tnWRXkcDi5Tw9rzXw/the-design-space-of-minds-in-general,https://www.lesswrong.com/posts/tnWRXkcDi5Tw9rzXw/the-design-space-of-minds-in-general,ok,discussion (LessWrong comments)
5-c9,5,37,Discussion: Where Recursive Justification Hits Bottom,https://www.lesswrong.com/posts/C8nEXTcjZb9oauTCW/where-recursive-justification-hits-bottom,https://www.lesswrong.com/posts/C8nEXTcjZb9oauTCW/where-recursive-justification-hits-bottom,ok,discussion (LessWrong comments)
5-c10,5,46,Discussion: My Kind of Reflection,https://www.lesswrong.com/posts/TynBiYt6zg42StRbb/my-kind-of-reflection,https://www.lesswrong.com/posts/TynBiYt6zg42StRbb/my-kind-of-reflection,ok,discussion (LessWrong comments)
5-c11,5,50,Discussion: No Universally Compelling Arguments,https://www.lesswrong.com/posts/PtoQdG7E8MxYJrigu/no-universally-compelling-arguments,https://www.lesswrong.com/posts/PtoQdG7E8MxYJrigu/no-universally-compelling-arguments,ok,discussion (LessWrong comments)
5-c12,5,55,Discussion: Created Already In Motion,https://www.lesswrong.com/posts/CuSTqHgeK4CMpWYTe/created-already-in-motion,https://www.lesswrong.com/posts/CuSTqHgeK4CMpWYTe/created-already-in-motion,ok,discussion (LessWrong comments)
5-c13,5,58,Discussion: Sorting Pebbles Into Correct Heaps,https://www.lesswrong.com/posts/mMBTPTjRbsrqbSkZE/sorting-pebbles-into-correct-heaps,https://www.lesswrong.com/posts/mMBTPTjRbsrqbSkZE/sorting-pebbles-into-correct-heaps,ok,discussion (LessWrong comments)
5-c14,5,62,Discussion: 2-Place and 1-Place Words,https://www.lesswrong.com/posts/eDpPnT7wdBwWPGvo5/2-place-and-1-place-words,https://www.lesswrong.com/posts/eDpPnT7wdBwWPGvo5/2-place-and-1-place-words,ok,discussion (LessWrong comments)
5-c15,5,67,Discussion: What Would You Do Without Morality?,https://www.lesswrong.com/posts/iGH7FSrdoCXa5AHGs/what-would-you-do-without-morality,https://www.lesswrong.com/posts/iGH7FSrdoCXa5AHGs/what-would-you-do-without-morality,ok,discussion (LessWrong comments)
5-c16,5,69,Discussion: Changing Your Metaethics,https://www.lesswrong.com/posts/LhP2zGBWR5AdssrdJ/changing-your-metaethics,https://www.lesswrong.com/posts/LhP2zGBWR5AdssrdJ/changing-your-metaethics,ok,discussion (LessWrong comments)
5-c17,5,73,Discussion: Could Anything Be Right?,https://www.lesswrong.com/posts/vy9nnPdwTjSmt5qdb/could-anything-be-right,https://www.lesswrong.com/posts/vy9nnPdwTjSmt5qdb/could-anything-be-right,ok,discussion (LessWrong comments)
5-c18,5,78,Discussion: Morality as Fixed Computation,https://www.lesswrong.com/posts/FnJPa8E9ZG5xiLLp5/morality-as-fixed-computation,https://www.lesswrong.com/posts/FnJPa8E9ZG5xiLLp5/morality-as-fixed-computation,ok,discussion (LessWrong comments)
5-c19,5,82,Discussion: Magical Categories,https://www.lesswrong.com/posts/PoDAyQMWEXBBBEJ5P/magical-categories,https://www.lesswrong.com/posts/PoDAyQMWEXBBBEJ5P/magical-categories,ok,discussion (LessWrong comments)
5-c20,5,91,Discussion: The True Prisoner's Dilemma,https://www.lesswrong.com/posts/HFyWNBnDNEDsDNLrZ/the-true-prisoner-s-dilemma,https://www.lesswrong.com/posts/HFyWNBnDNEDsDNLrZ/the-true-prisoner-s-dilemma,ok,discussion (LessWrong comments)
5-c21,5,96,Discussion: Sympathetic Minds,https://www.lesswrong.com/posts/NLMo5FZWFFq652MNe/sympathetic-minds,https://www.lesswrong.com/posts/NLMo5FZWFFq652MNe/sympathetic-minds,ok,discussion (LessWrong comments)
5-c22,5,101,Discussion: High Challenge,https://www.lesswrong.com/posts/29vqqmGNxNRGzffEj/high-challenge,https://www.lesswrong.com/posts/29vqqmGNxNRGzffEj/high-challenge,ok,discussion (LessWrong comments)
5-c23,5,105,Discussion: Serious Stories,https://www.lesswrong.com/posts/6qS9q5zHafFXsB6hf/serious-stories,https://www.lesswrong.com/posts/6qS9q5zHafFXsB6hf/serious-stories,ok,discussion (LessWrong comments)
5-c24,5,114,Discussion: Value is Fragile,https://www.lesswrong.com/posts/GNnHHmm8EzePmKzPk/value-is-fragile,https://www.lesswrong.com/posts/GNnHHmm8EzePmKzPk/value-is-fragile,ok,discussion (LessWrong comments)
5-c25,5,120,Discussion: The Gift We Give To Tomorrow,https://www.lesswrong.com/posts/pGvyqAQw6yqTjpKf4/the-gift-we-give-to-tomorrow,https://www.lesswrong.com/posts/pGvyqAQw6yqTjpKf4/the-gift-we-give-to-tomorrow,ok,discussion (LessWrong comments)
5-c26,5,131,Discussion: Scope Insensitivity,https://www.lesswrong.com/posts/2ftJ38y9SRBCBsCzy/scope-insensitivity,https://www.lesswrong.com/posts/2ftJ38y9SRBCBsCzy/scope-insensitivity,ok,discussion (LessWrong comments)
5-c27,5,134,Discussion: One Life Against the World,https://www.lesswrong.com/posts/xiHy3kFni8nsxfdcP/one-life-against-the-world,https://www.lesswrong.com/posts/xiHy3kFni8nsxfdcP/one-life-against-the-world,ok,discussion (LessWrong comments)
5-c28,5,137,Discussion: The Allais Paradox,https://www.lesswrong.com/posts/zJZvoiwydJ5zvzTHK/the-allais-paradox,https://www.lesswrong.com/posts/zJZvoiwydJ5zvzTHK/the-allais-paradox,ok,discussion (LessWrong comments)
5-c29,5,141,Discussion: Zut Allais!,https://www.lesswrong.com/posts/zNcLnqHF5rvrTsQJx/zut-allais,https://www.lesswrong.com/posts/zNcLnqHF5rvrTsQJx/zut-allais,ok,discussion (LessWrong comments)
5-c30,5,148,Discussion: Feeling Moral,https://www.lesswrong.com/posts/Nx2WxEuPSvNBGuYpo/feeling-moral,https://www.lesswrong.com/posts/Nx2WxEuPSvNBGuYpo/feeling-moral,ok,discussion (LessWrong comments)
5-c31,5,151,"Discussion: The ""Intuitions"" Behind ""Utilitarianism""",https://www.lesswrong.com/posts/r5MSQ83gtbjWRBDWJ/the-intuitions-behind-utilitarianism,https://www.lesswrong.com/posts/r5MSQ83gtbjWRBDWJ/the-intuitions-behind-utilitarianism,ok,discussion (LessWrong comments)
5-c32,5,159,Discussion: Ends Don't Justify Means (Among Humans),https://www.lesswrong.com/posts/K9ZaZXDnL3SEmYZqB/ends-don-t-justify-means-among-humans,https://www.lesswrong.com/posts/K9ZaZXDnL3SEmYZqB/ends-don-t-justify-means-among-humans,ok,discussion (LessWrong comments)
5-c33,5,163,Discussion: Ethical Injunctions,https://www.lesswrong.com/posts/dWTEtgBfFaz6vjwQf/ethical-injunctions,https://www.lesswrong.com/posts/dWTEtgBfFaz6vjwQf/ethical-injunctions,ok,discussion (LessWrong comments)
5-c34,5,171,Discussion: Something to Protect,https://www.lesswrong.com/posts/SGR4GxFK7KmW7ckCB/something-to-protect,https://www.lesswrong.com/posts/SGR4GxFK7KmW7ckCB/something-to-protect,ok,discussion (LessWrong comments)
5-c35,5,177,Discussion: When (Not) To Use Probabilities,https://www.lesswrong.com/posts/AJ9dX59QXokZb35fk/when-not-to-use-probabilities,https://www.lesswrong.com/posts/AJ9dX59QXokZb35fk/when-not-to-use-probabilities,ok,discussion (LessWrong comments)
5-c36,5,183,Discussion: Newcomb's Problem and Regret of Rationality,https://www.lesswrong.com/posts/6ddcsdA2c2XpNpE5x/newcomb-s-problem-and-regret-of-rationality,https://www.lesswrong.com/posts/6ddcsdA2c2XpNpE5x/newcomb-s-problem-and-regret-of-rationality,ok,discussion (LessWrong comments)
5-c37,5,193,Discussion: Twelve Virtues of Rationality,https://www.lesswrong.com/posts/7ZqGiPHTpiDMwqMN2/twelve-virtues-of-rationality,https://www.lesswrong.com/posts/7ZqGiPHTpiDMwqMN2/twelve-virtues-of-rationality,ok,discussion (LessWrong comments)
6-1,6,43,http://arxiv.org/pdf/0706.3639v1.pdf,http://arxiv.org/pdf/0706.3639v1.pdf,https://arxiv.org/pdf/0706.3639v1,redirected,url in text (footnote)
6-2,6,57,http://en.wikipedia.org/wiki/Conway%27s_Game_of_Life,http://en.wikipedia.org/wiki/Conway%27s_Game_of_Life,https://en.wikipedia.org/wiki/Conway%27s_Game_of_Life,ok,url in text (footnote)
6-3,6,61,https://en.wikipedia.org/wiki/Albert_Einstein%27s_brain,https://en.wikipedia.org/wiki/Albert_Einstein%27s_brain,https://en.wikipedia.org/wiki/Albert_Einstein%27s_brain,ok,url in text (footnote)
6-4,6,84,http://www-formal.stanford.edu/jmc/sayings.html,http://www-formal.stanford.edu/jmc/sayings.html,https://www-formal.stanford.edu/jmc/sayings.html,ok,url in text (footnote)
6-5,6,91,http://www.paulgraham.com/hamming.html,http://www.paulgraham.com/hamming.html,https://www.paulgraham.com/hamming.html,ok,url in text (footnote)
6-6,6,100,http://www.yudkowsky.net/singularity/aibox/,http://www.yudkowsky.net/singularity/aibox/,https://www.yudkowsky.net/singularity/aibox,ok,url in text (footnote)
6-7,6,122,http://lesswrong.com/lw/xy/the_fun_theory_sequence/,http://lesswrong.com/lw/xy/the_fun_theory_sequence/,https://www.lesswrong.com/posts/K4aGvLnHvYgX9pZHS/the-fun-theory-sequence,redirected,url in text (footnote)
6-8,6,153,http://lesswrong.com/lw/52/why_i_fail_to_act_rationally/#3tm,http://lesswrong.com/lw/52/why_i_fail_to_act_rationally/#3tm,https://www.lesswrong.com/posts/uLhrHa5Q4PqwLz2P6/why-i-fail-to-act-rationally?commentId=YjqETERQosc2KaPzM#3tm,redirected,url in text (footnote)
6-9,6,169,http://lesswrong.com/lw/vc/economic_definition_of_intelligence/,http://lesswrong.com/lw/vc/economic_definition_of_intelligence/,https://www.lesswrong.com/posts/uPCehCa7Ecidfn2Xe/economic-definition-of-intelligence,redirected,url in text (footnote)
6-10,6,177,"Bystander `Apathy,'",http://www.jstor.org/stable/27828530,https://www.jstor.org/stable/27828530,ok,url in text (footnote)
6-11,6,197,http://lesswrong.com/lw/9o/stuck_in_the_middle_with_bruce/,http://lesswrong.com/lw/9o/stuck_in_the_middle_with_bruce/,https://www.lesswrong.com/posts/FZaDFYbnRoHmde7F6/stuck-in-the-middle-with-bruce,redirected,url in text (footnote)
6-12,6,202,http://lesswrong.com/lw/ki/double_illusion_of_transparency/,http://lesswrong.com/lw/ki/double_illusion_of_transparency/,https://www.lesswrong.com/posts/sBBGxdvhKcppQWZZE/double-illusion-of-transparency,redirected,url in text (footnote)
6-13,6,215,http://www.slate.com/articles/arts/egghead/2002/02/thinkinginside%5C_the%5C_boxes.single.html,http://www.slate.com/articles/arts/egghead/2002/02/thinkinginside%5C_the%5C_boxes.single.html,https://slate.com/culture/2002/02/robert-nozick-and-newcomb-s-problem.html,redirected,url in text (bibliography)
6-14,6,216,http://www.jstor.org/stable/27828530,http://www.jstor.org/stable/27828530,https://www.jstor.org/stable/27828530,ok,url in text (bibliography)
6-c1,6,1,Discussion: Beginnings: An Introduction,https://www.lesswrong.com/posts/tPWZfmNpstRMCBjFM/beginnings-an-introduction,https://www.lesswrong.com/posts/tPWZfmNpstRMCBjFM/beginnings-an-introduction,ok,discussion (LessWrong comments)
6-c2,6,7,Discussion: My Childhood Death Spiral,https://www.lesswrong.com/posts/uD9TDHPwQ5hx4CgaX/my-childhood-death-spiral,https://www.lesswrong.com/posts/uD9TDHPwQ5hx4CgaX/my-childhood-death-spiral,ok,discussion (LessWrong comments)
6-c3,6,11,Discussion: My Best and Worst Mistake,https://www.lesswrong.com/posts/BA7dRRrzMLyvfJr9J/my-best-and-worst-mistake,https://www.lesswrong.com/posts/BA7dRRrzMLyvfJr9J/my-best-and-worst-mistake,ok,discussion (LessWrong comments)
6-c4,6,15,Discussion: Raised in Technophilia,https://www.lesswrong.com/posts/uNWRXtdwL33ELgWjD/raised-in-technophilia,https://www.lesswrong.com/posts/uNWRXtdwL33ELgWjD/raised-in-technophilia,ok,discussion (LessWrong comments)
6-c5,6,20,Discussion: A Prodigy of Refutation,https://www.lesswrong.com/posts/CcBe9aCKDgT5FSoty/a-prodigy-of-refutation,https://www.lesswrong.com/posts/CcBe9aCKDgT5FSoty/a-prodigy-of-refutation,ok,discussion (LessWrong comments)
6-c6,6,23,Discussion: The Sheer Folly of Callow Youth,https://www.lesswrong.com/posts/Yicjw6wSSaPdb83w9/the-sheer-folly-of-callow-youth,https://www.lesswrong.com/posts/Yicjw6wSSaPdb83w9/the-sheer-folly-of-callow-youth,ok,discussion (LessWrong comments)
6-c7,6,30,Discussion: That Tiny Note of Discord,https://www.lesswrong.com/posts/SwCwG9wZcAzQtckwx/that-tiny-note-of-discord,https://www.lesswrong.com/posts/SwCwG9wZcAzQtckwx/that-tiny-note-of-discord,ok,discussion (LessWrong comments)
6-c8,6,36,Discussion: Fighting a Rearguard Action Against the Truth,https://www.lesswrong.com/posts/PCfaLLtuxes6Jk4S2/fighting-a-rearguard-action-against-the-truth,https://www.lesswrong.com/posts/PCfaLLtuxes6Jk4S2/fighting-a-rearguard-action-against-the-truth,ok,discussion (LessWrong comments)
6-c9,6,40,Discussion: My Naturalistic Awakening,https://www.lesswrong.com/posts/75LZMCCePG4Pwj3dB/my-naturalistic-awakening,https://www.lesswrong.com/posts/75LZMCCePG4Pwj3dB/my-naturalistic-awakening,ok,discussion (LessWrong comments)
6-c10,6,45,Discussion: The Level Above Mine,https://www.lesswrong.com/posts/kXSETKZ3X9oidMozA/the-level-above-mine,https://www.lesswrong.com/posts/kXSETKZ3X9oidMozA/the-level-above-mine,ok,discussion (LessWrong comments)
6-c11,6,49,Discussion: The Magnitude of His Own Folly,https://www.lesswrong.com/posts/fLRPeXihRaiRo5dyX/the-magnitude-of-his-own-folly,https://www.lesswrong.com/posts/fLRPeXihRaiRo5dyX/the-magnitude-of-his-own-folly,ok,discussion (LessWrong comments)
6-c12,6,55,Discussion: Beyond the Reach of God,https://www.lesswrong.com/posts/sYgv4eYH82JEsTD34/beyond-the-reach-of-god,https://www.lesswrong.com/posts/sYgv4eYH82JEsTD34/beyond-the-reach-of-god,ok,discussion (LessWrong comments)
6-c13,6,65,Discussion: My Bayesian Enlightenment,https://www.lesswrong.com/posts/Ti3Z7eZtud32LhGZT/my-bayesian-enlightenment,https://www.lesswrong.com/posts/Ti3Z7eZtud32LhGZT/my-bayesian-enlightenment,ok,discussion (LessWrong comments)
6-c14,6,75,Discussion: Tsuyoku Naritai! (I Want To Become Stronger),https://www.lesswrong.com/posts/DoLQN5ryZ9XkZjq5h/tsuyoku-naritai-i-want-to-become-stronger,https://www.lesswrong.com/posts/DoLQN5ryZ9XkZjq5h/tsuyoku-naritai-i-want-to-become-stronger,ok,discussion (LessWrong comments)
6-c15,6,78,Discussion: Tsuyoku vs. the Egalitarian Instinct,https://www.lesswrong.com/posts/gWGA8Da539EQmAR9F/tsuyoku-vs-the-egalitarian-instinct,https://www.lesswrong.com/posts/gWGA8Da539EQmAR9F/tsuyoku-vs-the-egalitarian-instinct,ok,discussion (LessWrong comments)
6-c16,6,80,Discussion: Trying to Try,https://www.lesswrong.com/posts/WLJwTJ7uGPA5Qphbp/trying-to-try,https://www.lesswrong.com/posts/WLJwTJ7uGPA5Qphbp/trying-to-try,ok,discussion (LessWrong comments)
6-c17,6,84,"Discussion: Use the Try Harder, Luke",https://www.lesswrong.com/posts/fhEPnveFhb9tmd7Pe/use-the-try-harder-luke,https://www.lesswrong.com/posts/fhEPnveFhb9tmd7Pe/use-the-try-harder-luke,ok,discussion (LessWrong comments)
6-c18,6,87,Discussion: On Doing the Impossible,https://www.lesswrong.com/posts/fpecAJLG9czABgCe9/on-doing-the-impossible,https://www.lesswrong.com/posts/fpecAJLG9czABgCe9/on-doing-the-impossible,ok,discussion (LessWrong comments)
6-c19,6,94,Discussion: Make an Extraordinary Effort,https://www.lesswrong.com/posts/GuEsfTpSDSbXFiseH/make-an-extraordinary-effort,https://www.lesswrong.com/posts/GuEsfTpSDSbXFiseH/make-an-extraordinary-effort,ok,discussion (LessWrong comments)
6-c20,6,99,Discussion: Shut up and do the impossible!,https://www.lesswrong.com/posts/nCvvhFBaayaXyuBiD/shut-up-and-do-the-impossible,https://www.lesswrong.com/posts/nCvvhFBaayaXyuBiD/shut-up-and-do-the-impossible,ok,discussion (LessWrong comments)
6-c21,6,109,Discussion: Final Words,https://www.lesswrong.com/posts/yffPyiu7hRLyc7r23/final-words,https://www.lesswrong.com/posts/yffPyiu7hRLyc7r23/final-words,ok,discussion (LessWrong comments)
6-c22,6,121,Discussion: Raising the Sanity Waterline,https://www.lesswrong.com/posts/XqmjdBKa4ZaXJtNmf/raising-the-sanity-waterline,https://www.lesswrong.com/posts/XqmjdBKa4ZaXJtNmf/raising-the-sanity-waterline,ok,discussion (LessWrong comments)
6-c23,6,125,Discussion: A Sense That More Is Possible,https://www.lesswrong.com/posts/Nu3wa6npK4Ry66vFp/a-sense-that-more-is-possible,https://www.lesswrong.com/posts/Nu3wa6npK4Ry66vFp/a-sense-that-more-is-possible,ok,discussion (LessWrong comments)
6-c24,6,129,Discussion: Epistemic Viciousness,https://www.lesswrong.com/posts/T8ddXNtmNSHexhQh8/epistemic-viciousness,https://www.lesswrong.com/posts/T8ddXNtmNSHexhQh8/epistemic-viciousness,ok,discussion (LessWrong comments)
6-c25,6,132,Discussion: Schools Proliferating Without Evidence,https://www.lesswrong.com/posts/JnKCaGcgZL4Rsep8m/schools-proliferating-without-evidence,https://www.lesswrong.com/posts/JnKCaGcgZL4Rsep8m/schools-proliferating-without-evidence,ok,discussion (LessWrong comments)
6-c26,6,135,Discussion: 3 Levels of Rationality Verification,https://www.lesswrong.com/posts/5K7CMa6dEL7TN7sae/3-levels-of-rationality-verification,https://www.lesswrong.com/posts/5K7CMa6dEL7TN7sae/3-levels-of-rationality-verification,ok,discussion (LessWrong comments)
6-c27,6,138,Discussion: Why Our Kind Can't Cooperate,https://www.lesswrong.com/posts/7FzD7pNm9X68Gp5ZC/why-our-kind-can-t-cooperate,https://www.lesswrong.com/posts/7FzD7pNm9X68Gp5ZC/why-our-kind-can-t-cooperate,ok,discussion (LessWrong comments)
6-c28,6,146,Discussion: Tolerate Tolerance,https://www.lesswrong.com/posts/JKxxFseBWz8SHkTgt/tolerate-tolerance,https://www.lesswrong.com/posts/JKxxFseBWz8SHkTgt/tolerate-tolerance,ok,discussion (LessWrong comments)
6-c29,6,148,Discussion: Your Price for Joining,https://www.lesswrong.com/posts/Q8evewZW5SeidLdbA/your-price-for-joining,https://www.lesswrong.com/posts/Q8evewZW5SeidLdbA/your-price-for-joining,ok,discussion (LessWrong comments)
6-c30,6,152,Discussion: Can Humanism Match Religion's Output?,https://www.lesswrong.com/posts/3fNL2ssfvRzpApvdN/can-humanism-match-religion-s-output,https://www.lesswrong.com/posts/3fNL2ssfvRzpApvdN/can-humanism-match-religion-s-output,ok,discussion (LessWrong comments)
6-c31,6,157,Discussion: Church vs. Taskforce,https://www.lesswrong.com/posts/p5DmraxDmhvMoZx8J/church-vs-taskforce,https://www.lesswrong.com/posts/p5DmraxDmhvMoZx8J/church-vs-taskforce,ok,discussion (LessWrong comments)
6-c32,6,162,Discussion: Rationality: Common Interest of Many Causes,https://www.lesswrong.com/posts/4PPE6D635iBcGPGRy/rationality-common-interest-of-many-causes,https://www.lesswrong.com/posts/4PPE6D635iBcGPGRy/rationality-common-interest-of-many-causes,ok,discussion (LessWrong comments)
6-c33,6,166,Discussion: Helpless Individuals,https://www.lesswrong.com/posts/f42BHX7rMw2dyFJfT/helpless-individuals,https://www.lesswrong.com/posts/f42BHX7rMw2dyFJfT/helpless-individuals,ok,discussion (LessWrong comments)
6-c34,6,169,Discussion: Money: The Unit of Caring,https://www.lesswrong.com/posts/ZpDnRCeef2CLEFeKM/money-the-unit-of-caring,https://www.lesswrong.com/posts/ZpDnRCeef2CLEFeKM/money-the-unit-of-caring,ok,discussion (LessWrong comments)
6-c35,6,173,Discussion: Purchase Fuzzies and Utilons Separately,https://www.lesswrong.com/posts/3p3CYauiX8oLjmwRF/purchase-fuzzies-and-utilons-separately,https://www.lesswrong.com/posts/3p3CYauiX8oLjmwRF/purchase-fuzzies-and-utilons-separately,ok,discussion (LessWrong comments)
6-c36,6,177,Discussion: Bystander Apathy,https://www.lesswrong.com/posts/K5nq3KcDXaGm7QQWR/bystander-apathy,https://www.lesswrong.com/posts/K5nq3KcDXaGm7QQWR/bystander-apathy,ok,discussion (LessWrong comments)
6-c37,6,180,Discussion: Collective Apathy and the Internet,https://www.lesswrong.com/posts/NnQbfLo868wgnHF4n/collective-apathy-and-the-internet,https://www.lesswrong.com/posts/NnQbfLo868wgnHF4n/collective-apathy-and-the-internet,ok,discussion (LessWrong comments)
6-c38,6,183,Discussion: Incremental Progress and the Valley,https://www.lesswrong.com/posts/oZNXmHcdhb4m7vwsv/incremental-progress-and-the-valley,https://www.lesswrong.com/posts/oZNXmHcdhb4m7vwsv/incremental-progress-and-the-valley,ok,discussion (LessWrong comments)
6-c39,6,188,Discussion: Bayesians vs. Barbarians,https://www.lesswrong.com/posts/KsHmn6iJAEr9bACQW/bayesians-vs-barbarians,https://www.lesswrong.com/posts/KsHmn6iJAEr9bACQW/bayesians-vs-barbarians,ok,discussion (LessWrong comments)
6-c40,6,195,Discussion: Beware of Other-Optimizing,https://www.lesswrong.com/posts/6NvbSwuSAooQxxf7f/beware-of-other-optimizing,https://www.lesswrong.com/posts/6NvbSwuSAooQxxf7f/beware-of-other-optimizing,ok,discussion (LessWrong comments)
6-c41,6,200,Discussion: Practical Advice Backed By Deep Theories,https://www.lesswrong.com/posts/LqjKP255fPRY7aMzw/practical-advice-backed-by-deep-theories,https://www.lesswrong.com/posts/LqjKP255fPRY7aMzw/practical-advice-backed-by-deep-theories,ok,discussion (LessWrong comments)
6-c42,6,204,Discussion: The Sin of Underconfidence,https://www.lesswrong.com/posts/pkFazhcTErMw7TFtT/the-sin-of-underconfidence,https://www.lesswrong.com/posts/pkFazhcTErMw7TFtT/the-sin-of-underconfidence,ok,discussion (LessWrong comments)
6-c43,6,210,Discussion: Go Forth and Create the Art!,https://www.lesswrong.com/posts/aFEsqd6ofwnkNqaXo/go-forth-and-create-the-art,https://www.lesswrong.com/posts/aFEsqd6ofwnkNqaXo/go-forth-and-create-the-art,ok,discussion (LessWrong comments)
